anon_polygon_id,date,primary_ndvi_true
AOI-0005,2010-05-02,0.2768627529164155
AOI-0005,2010-07-28,0.27279924080091755
AOI-0005,2010-08-05,0.25814541383175893
AOI-0005,2010-08-29,0.26617351931852157
AOI-0005,2010-08-30,0.24893519606719905
AOI-0005,2010-09-06,0.21848831601185537
AOI-0005,2011-04-02,0.2779258273557583
AOI-0005,2011-06-06,0.6943148007059765
AOI-0005,2011-06-26,0.5984880464053443
AOI-0005,2011-09-02,0.4032196235578444
AOI-0005,2012-04-04,0.23015799316723407
AOI-0005,2012-04-29,0.5814014770247892
AOI-0005,2012-05-06,0.6631507654322965
AOI-0005,2012-05-31,0.8218862131977392
AOI-0005,2012-08-10,0.1882757050854945
AOI-0005,2012-08-12,0.24165313786840228
AOI-0005,2013-06-26,0.3496788672258316
AOI-0005,2013-07-12,0.27364084637898506
AOI-0005,2013-08-21,0.46014211140853106
AOI-0005,2013-08-29,0.46582713136307535
AOI-0005,2014-04-18,0.4684393893827376
AOI-0005,2014-04-27,0.5666009747699726
AOI-0005,2014-05-04,0.6718682109184222
AOI-0005,2014-05-09,0.694912407743219
AOI-0005,2014-06-10,0.495146576923869
AOI-0005,2014-07-28,0.5152102995105264
AOI-0005,2014-10-03,0.22769958963119133
AOI-0005,2015-05-23,0.7123592381999603
AOI-0005,2015-06-10,0.7834772158029842
AOI-0005,2015-10-06,0.2604795094543623
AOI-0005,2016-04-22,0.6175184011702148
AOI-0005,2016-05-08,0.7633157311047518
AOI-0005,2016-09-13,0.3651983540016375
AOI-0005,2017-04-11,0.23012588736996684
AOI-0005,2017-04-23,0.5056735084814216
AOI-0005,2017-04-26,0.3636975303459278
AOI-0005,2017-07-23,0.5251367536739905
AOI-0005,2017-09-25,0.48233284763811374
AOI-0005,2017-10-04,0.4554508184353716
AOI-0005,2018-05-01,0.5758373920493229
AOI-0005,2018-05-16,0.669097129867159
AOI-0005,2018-06-01,0.5913238920777749
AOI-0005,2018-07-10,0.3631008129329638
AOI-0005,2018-08-27,0.38847726018180967
AOI-0005,2018-09-30,0.39726290815402066
AOI-0005,2019-04-26,0.6230797528811912
AOI-0005,2019-05-11,0.6793743184610057
AOI-0005,2019-05-18,0.7878848523649715
AOI-0005,2019-05-21,0.7437559735151282
AOI-0005,2019-06-11,0.7094803150532938
AOI-0005,2019-06-25,0.5187689994012142
AOI-0005,2019-07-12,0.5255038098051181
AOI-0005,2019-08-23,0.31009225014876957
AOI-0005,2019-08-24,0.31819063179966506
AOI-0005,2019-09-03,0.3351141766658372
AOI-0005,2019-09-07,0.4121612491225736
AOI-0005,2019-09-08,0.31819406052305915
AOI-0005,2019-09-15,0.3073512635420876
AOI-0005,2020-04-22,0.3855611675890854
AOI-0005,2020-05-08,0.6814848838711445
AOI-0005,2020-08-16,0.47454633560233445
AOI-0005,2020-08-23,0.4280012174290074
AOI-0005,2020-08-24,0.4572318674712637
AOI-0005,2020-09-02,0.3778816063639548
AOI-0005,2020-09-17,0.3129076618165223
AOI-0005,2020-09-29,0.30768157801928964
AOI-0005,2021-04-21,0.5472833409356006
AOI-0005,2021-07-12,0.5587980111011995
AOI-0005,2021-08-29,0.38474131995558425
AOI-0005,2021-09-04,0.31170979703356677
AOI-0005,2021-09-30,0.42012444211905686
AOI-0005,2021-10-14,0.3575791890329661
AOI-0005,2022-05-09,0.778288439664177
AOI-0005,2022-05-30,0.8032353426324298
AOI-0005,2022-07-19,0.46516715073426634
AOI-0005,2022-07-21,0.5050744069337294
AOI-0005,2022-07-28,0.5248781859361419
AOI-0005,2022-08-03,0.4561879052025007
AOI-0005,2022-08-14,0.49691218612969806
AOI-0005,2022-08-28,0.3961460604826436
AOI-0005,2022-10-01,0.40107169975292417
AOI-0005,2023-07-14,0.6088331061331079
AOI-0005,2023-07-29,0.5324186310179779
AOI-0005,2023-08-08,0.5149663068178749
AOI-0005,2023-08-29,0.40644654835140015
AOI-0005,2023-09-12,0.38122737601241696
AOI-0005,2023-09-14,0.36414323724765013
AOI-0005,2023-09-26,0.3749355344828568
AOI-0005,2023-10-17,0.20783998150657582
AOI-0005,2024-05-31,0.7022471388461851
AOI-0005,2024-06-03,0.6372349042865689
AOI-0005,2024-07-28,0.4345958413530338
AOI-0005,2024-08-22,0.2940979337268507
AOI-0005,2024-08-28,0.36349089779220783
AOI-0005,2024-09-16,0.3012839464005645
AOI-0006,2010-04-15,0.449737615874239
AOI-0006,2010-05-09,0.829317235870685
AOI-0006,2010-07-13,0.29708536476106717
AOI-0006,2010-07-28,0.2463481622005169
AOI-0006,2010-07-29,0.24898961127256225
AOI-0006,2010-08-05,0.21910425101528866
AOI-0006,2011-04-02,0.1662579258026173
AOI-0006,2011-04-19,0.18442501675456002
AOI-0006,2011-05-21,0.24261625886553176
AOI-0006,2011-07-16,0.6954525853637609
AOI-0006,2011-08-08,0.4187705495961859
AOI-0006,2011-08-09,0.3874228614743371
AOI-0006,2011-10-16,0.2585682186507359
AOI-0006,2012-04-22,0.8133940192868759
AOI-0006,2012-06-09,0.6344567699180114
AOI-0006,2012-10-15,0.36934613991232607
AOI-0006,2013-07-21,0.6754558502627526
AOI-0006,2013-08-21,0.3574850426214622
AOI-0006,2013-10-24,0.2820020753735753
AOI-0006,2014-04-07,0.716876990830979
AOI-0006,2014-06-13,0.4460697434626341
AOI-0006,2014-06-26,0.3161255461242179
AOI-0006,2014-07-31,0.16028394321081024
AOI-0006,2014-08-29,0.19135679432366534
AOI-0006,2015-06-09,0.8239260704706899
AOI-0006,2015-07-26,0.373021228178183
AOI-0006,2015-08-03,0.2673920602424313
AOI-0006,2015-08-11,0.31438160728181114
AOI-0006,2015-08-12,0.26607456502980176
AOI-0006,2015-10-16,0.21069050854671403
AOI-0006,2016-04-22,0.41568789648727017
AOI-0006,2016-04-23,0.3488888364154102
AOI-0006,2016-05-08,0.4007010646872835
AOI-0006,2017-04-23,0.2905444377903102
AOI-0006,2017-05-09,0.45853163684837445
AOI-0006,2017-07-25,0.7367675974562644
AOI-0006,2017-09-01,0.3022147737615304
AOI-0006,2017-09-14,0.28313552112621904
AOI-0006,2017-10-04,0.20016943888687752
AOI-0006,2018-06-08,0.4593314783282317
AOI-0006,2018-08-13,0.5418213576989875
AOI-0006,2018-09-20,0.27110822510435484
AOI-0006,2018-10-16,0.24583859361604243
AOI-0006,2019-04-21,0.790951157646266
AOI-0006,2019-04-23,0.8404039726155288
AOI-0006,2019-05-21,0.8541194562418634
AOI-0006,2019-06-27,0.22973350192819364
AOI-0006,2019-08-22,0.236531758904069
AOI-0006,2019-09-03,0.13943107206627275
AOI-0006,2020-04-06,0.25522376583093653
AOI-0006,2020-04-30,0.19482879332473857
AOI-0006,2020-05-20,0.24970323334488045
AOI-0006,2020-06-05,0.6221039377815012
AOI-0006,2020-08-03,0.46670420845288585
AOI-0006,2020-09-01,0.3559781447536808
AOI-0006,2021-04-06,0.2561912747608076
AOI-0006,2021-05-20,0.8773026617949707
AOI-0006,2021-06-16,0.7870976619924078
AOI-0006,2021-08-29,0.2608287103421035
AOI-0006,2021-10-02,0.22401773927619337
AOI-0006,2022-04-24,0.8015607341461136
AOI-0006,2022-06-10,0.7934693756899979
AOI-0006,2022-08-23,0.17247199364084756
AOI-0006,2022-09-17,0.1778544786276827
AOI-0006,2022-09-30,0.25586495445043717
AOI-0006,2022-10-02,0.1581836874176565
AOI-0006,2022-10-12,0.1570181412336189
AOI-0006,2023-04-10,0.2965089686620728
AOI-0006,2023-04-23,0.42726951733170226
AOI-0006,2023-05-06,0.2722072636344082
AOI-0006,2023-05-13,0.2702140187126383
AOI-0006,2023-06-10,0.4612277557811079
AOI-0006,2023-06-15,0.5977988610928973
AOI-0006,2023-07-16,0.805035283995049
AOI-0006,2023-08-28,0.48633231473430877
AOI-0006,2023-09-02,0.4120933241212404
AOI-0006,2023-09-14,0.3786143392944256
AOI-0006,2023-09-18,0.3862201985802531
AOI-0006,2023-09-26,0.3198202733690529
AOI-0006,2023-10-02,0.1998663526962635
AOI-0006,2023-10-16,0.22584009339138392
AOI-0006,2023-10-17,0.1390671209115458
AOI-0006,2024-06-03,0.6991402056860418
AOI-0006,2024-06-24,0.2912166246866728
AOI-0006,2024-07-03,0.2433240855146417
AOI-0006,2024-07-13,0.20952543299895307
AOI-0006,2024-09-28,0.19823361512047163
AOI-0006,2024-10-06,0.15863808405101465
AOI-0006,2024-10-26,0.1786177217358591
AOI-0009,2010-04-07,0.5101547123049147
AOI-0009,2010-05-18,0.6407480769265848
AOI-0009,2010-06-10,0.45052030547244054
AOI-0009,2010-09-14,0.24803015596230157
AOI-0009,2010-09-30,0.2374167064014946
AOI-0009,2011-05-25,0.544629162155965
AOI-0009,2011-07-12,0.7041100766269714
AOI-0009,2011-07-28,0.6430527032466634
AOI-0009,2011-08-17,0.36961890232604344
AOI-0009,2011-09-10,0.26101262412328713
AOI-0009,2012-04-29,0.4882961712898182
AOI-0009,2012-05-08,0.7145928176384387
AOI-0009,2012-08-12,0.295346945887006
AOI-0009,2012-08-28,0.385423780166253
AOI-0009,2012-09-29,0.27322235461284194
AOI-0009,2012-10-06,0.2089231006254367
AOI-0009,2013-04-07,0.24328846834668583
AOI-0009,2013-07-21,0.5586715800156971
AOI-0009,2013-08-13,0.3744670135151871
AOI-0009,2013-09-14,0.27218955979128834
AOI-0009,2014-04-07,0.5242995313518066
AOI-0009,2014-04-27,0.741476806197427
AOI-0009,2014-05-29,0.852780054584272
AOI-0009,2014-06-10,0.6612256308978713
AOI-0009,2014-06-22,0.3577113488950519
AOI-0009,2014-08-01,0.20852172211776612
AOI-0009,2014-08-09,0.1711639543739046
AOI-0009,2014-08-17,0.2145915803404338
AOI-0009,2014-08-29,0.21732518232647027
AOI-0009,2015-04-14,0.43090505544227337
AOI-0009,2015-05-24,0.8198325570107873
AOI-0009,2015-06-26,0.39217483583523033
AOI-0009,2015-10-07,0.2161267582717635
AOI-0009,2016-05-02,0.6705245406903036
AOI-0009,2016-06-25,0.6182016496789571
AOI-0009,2016-07-05,0.5028594794562692
AOI-0009,2016-07-13,0.4524938703291436
AOI-0009,2016-10-25,0.24056384074443127
AOI-0009,2017-04-01,0.2629010142518131
AOI-0009,2017-04-23,0.6702181532496944
AOI-0009,2017-05-21,0.7952805298491241
AOI-0009,2017-07-12,0.28136972073139194
AOI-0009,2017-07-24,0.22364508148895204
AOI-0009,2017-08-09,0.14679975038010176
AOI-0009,2017-08-11,0.1543433644571716
AOI-0009,2017-08-14,0.15277196450600017
AOI-0009,2017-08-29,0.14355956904071854
AOI-0009,2017-09-05,0.14147759271390117
AOI-0009,2017-09-13,0.15512436546606165
AOI-0009,2017-09-15,0.15352567935847494
AOI-0009,2018-04-14,0.4457721134831385
AOI-0009,2018-04-23,0.7032584912199275
AOI-0009,2018-07-12,0.2520454249051487
AOI-0009,2018-09-29,0.20367320696553193
AOI-0009,2018-09-30,0.23256713370216073
AOI-0009,2018-10-13,0.18221005159226375
AOI-0009,2019-04-01,0.18966914475447827
AOI-0009,2019-04-25,0.27236919866141635
AOI-0009,2019-05-09,0.5664481653200845
AOI-0009,2019-05-18,0.5358050778269378
AOI-0009,2019-05-28,0.6833731661751905
AOI-0009,2019-06-28,0.2623936316181131
AOI-0009,2019-08-07,0.29508110692907
AOI-0009,2019-08-21,0.19645487737612333
AOI-0009,2019-08-26,0.16570628451546543
AOI-0009,2019-08-31,0.16667254654425223
AOI-0009,2019-10-15,0.24156619695885717
AOI-0009,2020-05-13,0.7666365281720333
AOI-0009,2020-05-15,0.7531609982868147
AOI-0009,2020-05-24,0.8221998339799012
AOI-0009,2020-05-27,0.7401428495078628
AOI-0009,2020-05-29,0.7547287858496129
AOI-0009,2020-06-06,0.7437666474029015
AOI-0009,2020-06-11,0.5592471604469383
AOI-0009,2020-06-29,0.1941696333380778
AOI-0009,2020-07-06,0.17565418951669512
AOI-0009,2020-07-24,0.15215869520587685
AOI-0009,2020-07-27,0.21090830565865692
AOI-0009,2020-08-03,0.15344647819516258
AOI-0009,2020-08-12,0.2323772648095527
AOI-0009,2020-08-15,0.12492354457071679
AOI-0009,2020-08-17,0.1753776909556574
AOI-0009,2020-08-28,0.2261502937072587
AOI-0009,2020-09-02,0.14098428642781205
AOI-0009,2020-09-29,0.20607603851417375
AOI-0009,2020-10-07,0.1587589569367762
AOI-0009,2020-10-15,0.23238638373949402
AOI-0009,2021-04-06,0.3952934166428905
AOI-0009,2021-04-30,0.5541099830344017
AOI-0009,2021-05-15,0.8186438818466639
AOI-0009,2021-05-16,0.8517841601515551
AOI-0009,2021-07-14,0.1963138178456344
AOI-0009,2021-07-21,0.16473899476872214
AOI-0009,2021-07-26,0.16687496975968097
AOI-0009,2021-07-29,0.15720854381821528
AOI-0009,2021-08-20,0.1648281844922501
AOI-0009,2021-09-27,0.27109062045721966
AOI-0009,2021-10-02,0.32354792658415277
AOI-0009,2021-10-12,0.22992162183493678
AOI-0009,2021-10-15,0.3526263061482629
AOI-0009,2022-04-02,0.48004314732951947
AOI-0009,2022-06-06,0.7955591943516381
AOI-0009,2022-06-08,0.8276127825016051
AOI-0009,2022-06-11,0.788194353314629
AOI-0009,2022-07-12,0.23066130143766986
AOI-0009,2022-07-14,0.15935011126536136
AOI-0009,2022-08-23,0.17441479672105795
AOI-0009,2022-09-30,0.2586462128898947
AOI-0009,2022-10-02,0.15523092424326188
AOI-0009,2022-10-19,0.20253245907261838
AOI-0009,2022-10-22,0.15560572851777257
AOI-0009,2023-05-17,0.8184106233299251
AOI-0009,2023-05-25,0.8399166408092812
AOI-0009,2023-06-19,0.714610658562758
AOI-0009,2023-06-26,0.3898376999995084
AOI-0009,2023-07-25,0.2970717081972774
AOI-0009,2023-08-13,0.2576359351485112
AOI-0009,2023-08-26,0.3080420456564806
AOI-0009,2023-08-28,0.24668518572424045
AOI-0009,2023-08-29,0.34147812595993504
AOI-0009,2023-09-14,0.24879075706567053
AOI-0009,2023-10-02,0.2023770170207956
AOI-0009,2023-10-12,0.24365503005194636
AOI-0009,2024-05-08,0.42994904493709724
AOI-0009,2024-06-18,0.6696469185025089
AOI-0009,2024-06-23,0.6537667508189514
AOI-0009,2024-06-28,0.6620574872188741
AOI-0009,2024-07-08,0.5939060570975115
AOI-0009,2024-08-04,0.49300519183044106
AOI-0009,2024-08-09,0.515962791629755
AOI-0009,2024-08-20,0.4508481427905915
AOI-0009,2024-08-27,0.30883187311632415
AOI-0009,2024-09-03,0.28332054493672165
AOI-0009,2024-09-06,0.283462382018272
AOI-0009,2024-09-08,0.2710211522461905
AOI-0009,2024-09-13,0.25457561479400326
AOI-0009,2024-10-08,0.17295335794767774
AOI-0012,2010-07-13,0.285267210050176
AOI-0012,2010-08-22,0.250098550914568
AOI-0012,2010-10-25,0.27703305807707046
AOI-0012,2011-05-21,0.6575854347011609
AOI-0012,2011-07-12,0.3487842700286537
AOI-0012,2011-08-13,0.28068568740616345
AOI-0012,2011-09-02,0.25892866434992756
AOI-0012,2012-04-22,0.4428648020415586
AOI-0012,2012-06-09,0.31074705277068276
AOI-0012,2012-06-25,0.31547739829623617
AOI-0012,2012-08-03,0.2722448111990175
AOI-0012,2012-08-28,0.29425806710308094
AOI-0012,2012-09-13,0.3333079909772398
AOI-0012,2012-10-06,0.3196631592753201
AOI-0012,2013-05-09,0.8440940858673938
AOI-0012,2013-06-10,0.5115496533083217
AOI-0012,2013-07-13,0.332634509951839
AOI-0012,2013-07-29,0.33859607205660874
AOI-0012,2013-10-09,0.3144484398426188
AOI-0012,2013-10-25,0.3547276745454882
AOI-0012,2014-06-06,0.5748304817996424
AOI-0012,2014-06-22,0.2612156496686055
AOI-0012,2014-06-26,0.25949537823890023
AOI-0012,2014-06-30,0.21487179175749574
AOI-0012,2014-08-13,0.2660910566227293
AOI-0012,2014-09-14,0.26215628164626237
AOI-0012,2014-10-16,0.24366604296386893
AOI-0012,2014-10-28,0.1848551652147908
AOI-0012,2015-05-25,0.3477270175824048
AOI-0012,2015-06-09,0.37631613484698967
AOI-0012,2015-08-12,0.19833296732556913
AOI-0012,2015-08-13,0.24834892332517244
AOI-0012,2015-08-20,0.2602487043333917
AOI-0012,2015-09-14,0.3173295068767584
AOI-0012,2016-08-06,0.37460062203494315
AOI-0012,2017-04-03,0.3564261710824632
AOI-0012,2017-04-07,0.5221651949185756
AOI-0012,2017-05-06,0.621857159076899
AOI-0012,2017-07-24,0.22913924255373086
AOI-0012,2017-08-01,0.17298365001331037
AOI-0012,2017-08-04,0.194667449418673
AOI-0012,2017-08-13,0.2314517303442946
AOI-0012,2017-08-14,0.15719843821668503
AOI-0012,2017-08-17,0.1593188240296308
AOI-0012,2017-09-05,0.1748964853587507
AOI-0012,2017-09-08,0.20267388484450546
AOI-0012,2017-09-30,0.26353324758606483
AOI-0012,2017-10-04,0.2073664887352318
AOI-0012,2018-04-11,0.5698556179816482
AOI-0012,2018-05-24,0.824275472685872
AOI-0012,2018-05-25,0.8280056429613132
AOI-0012,2018-06-09,0.5645130811298711
AOI-0012,2018-09-13,0.17988500545293662
AOI-0012,2018-09-30,0.2375149130276243
AOI-0012,2019-04-01,0.4544775209768858
AOI-0012,2019-06-07,0.6202734223041412
AOI-0012,2019-06-17,0.20309658694732632
AOI-0012,2019-06-28,0.21740369108544902
AOI-0012,2019-07-22,0.18739027513669737
AOI-0012,2019-08-13,0.27433364077156613
AOI-0012,2019-09-13,0.2108479468281862
AOI-0012,2020-04-02,0.6559717244822919
AOI-0012,2020-04-25,0.7536157224519373
AOI-0012,2020-05-15,0.6503582610927787
AOI-0012,2020-06-09,0.49520540721634027
AOI-0012,2020-06-26,0.20995817620754062
AOI-0012,2020-07-24,0.1680113396282319
AOI-0012,2020-08-03,0.18393790937724921
AOI-0012,2020-08-05,0.18503452873891704
AOI-0012,2020-08-12,0.23860660070615128
AOI-0012,2020-09-09,0.18586526887144675
AOI-0012,2020-09-12,0.16646442586213467
AOI-0012,2020-09-22,0.17629593997451845
AOI-0012,2020-09-26,0.15773326181598224
AOI-0012,2020-10-17,0.14396402402416872
AOI-0012,2021-05-08,0.3033900781294991
AOI-0012,2021-05-25,0.4849479932618282
AOI-0012,2021-06-06,0.1833815891246696
AOI-0012,2021-06-26,0.17824239446606427
AOI-0012,2021-07-16,0.15390910159086377
AOI-0012,2021-07-21,0.16217268009690256
AOI-0012,2021-07-24,0.17071711928118974
AOI-0012,2021-08-18,0.1939093808462606
AOI-0012,2021-08-25,0.20456901984827658
AOI-0012,2021-08-30,0.20085706041491766
AOI-0012,2021-09-07,0.2237763021365622
AOI-0012,2022-06-06,0.8166175553506331
AOI-0012,2022-06-19,0.6129477632363304
AOI-0012,2022-07-01,0.2351228084719985
AOI-0012,2022-07-28,0.28121376097525985
AOI-0012,2022-08-28,0.30666458519198114
AOI-0012,2022-09-08,0.25967304194230717
AOI-0012,2022-09-14,0.23948220463189088
AOI-0012,2023-04-10,0.6538197811337922
AOI-0012,2023-06-06,0.7420772452771006
AOI-0012,2023-06-23,0.34400243491887617
AOI-0012,2023-07-26,0.17414262749418016
AOI-0012,2023-08-05,0.18011606324374962
AOI-0012,2023-08-15,0.16108443887307575
AOI-0012,2023-10-07,0.2275959814041135
AOI-0012,2023-10-11,0.19756298780216883
AOI-0012,2024-04-01,0.6278447537036617
AOI-0012,2024-04-06,0.7127818099761356
AOI-0012,2024-05-08,0.842260139592665
AOI-0012,2024-05-09,0.8554348928983603
AOI-0012,2024-06-17,0.27993039348540844
AOI-0012,2024-07-08,0.1339441526324016
AOI-0012,2024-07-10,0.14593449201423722
AOI-0012,2024-07-20,0.1262749757722532
AOI-0012,2024-08-22,0.1452660784063049
AOI-0012,2024-10-07,0.230247825471146
AOI-0012,2024-10-15,0.25056272203179225
AOI-0016,2010-04-24,0.5080262034262489
AOI-0016,2010-08-29,0.579275331444571
AOI-0016,2011-05-09,0.696230036851532
AOI-0016,2011-06-06,0.7518267790611469
AOI-0016,2011-06-10,0.7732692638178936
AOI-0016,2011-06-30,0.6726660534975671
AOI-0016,2011-07-28,0.6031461268649384
AOI-0016,2012-04-29,0.6132709102825501
AOI-0016,2012-07-11,0.7240757222613748
AOI-0016,2012-07-27,0.6695474364286973
AOI-0016,2012-09-11,0.49060535978354886
AOI-0016,2012-10-15,0.5105355044142518
AOI-0016,2013-06-03,0.7860053638843961
AOI-0016,2013-07-28,0.7220279032521321
AOI-0016,2013-08-13,0.6653976492942667
AOI-0016,2013-10-24,0.5806333285869592
AOI-0016,2014-04-07,0.46309203814945504
AOI-0016,2014-05-09,0.7228715462170913
AOI-0016,2014-05-21,0.7672690380020665
AOI-0016,2014-06-29,0.5916994124087157
AOI-0016,2014-07-08,0.6131279923725238
AOI-0016,2014-07-28,0.6061852652216716
AOI-0016,2015-04-06,0.34503270389923557
AOI-0016,2015-06-24,0.6954549720917936
AOI-0016,2015-07-12,0.6739348611623032
AOI-0016,2015-10-07,0.44071305804577593
AOI-0016,2016-05-25,0.5399081258123134
AOI-0016,2016-06-03,0.48326942872929585
AOI-0016,2016-06-19,0.6107657473422612
AOI-0016,2016-07-04,0.5591649185712982
AOI-0016,2016-07-05,0.6237518682308072
AOI-0016,2016-07-27,0.7914331283528302
AOI-0016,2017-04-03,0.22728836432581723
AOI-0016,2017-04-13,0.2242796397031851
AOI-0016,2017-08-09,0.5789224206081234
AOI-0016,2017-08-11,0.5781452631265704
AOI-0016,2017-08-17,0.49967723415438625
AOI-0016,2017-09-15,0.4651159089269419
AOI-0016,2018-04-06,0.22093843040048664
AOI-0016,2018-04-07,0.26122218989355256
AOI-0016,2018-04-11,0.20238149941219383
AOI-0016,2018-05-16,0.268288886235626
AOI-0016,2018-06-02,0.34578596565633674
AOI-0016,2019-04-06,0.18505532474639538
AOI-0016,2019-04-21,0.26896591711648393
AOI-0016,2019-05-11,0.1930187042442776
AOI-0016,2019-06-26,0.746295825101996
AOI-0016,2019-07-06,0.7058232447787374
AOI-0016,2019-07-17,0.7157641550128186
AOI-0016,2019-07-28,0.7483962563097807
AOI-0016,2019-08-24,0.3852918263047888
AOI-0016,2019-09-13,0.2784096531575162
AOI-0016,2019-09-23,0.17674328357688465
AOI-0016,2020-05-04,0.22918875805119598
AOI-0016,2020-06-26,0.7017201488847212
AOI-0016,2020-07-07,0.7791065614177409
AOI-0016,2020-08-08,0.4163523156821957
AOI-0016,2020-08-24,0.30886212660524687
AOI-0016,2020-08-30,0.23779329214076425
AOI-0016,2020-09-17,0.1846830295307541
AOI-0016,2020-09-19,0.14214786498387713
AOI-0016,2020-10-03,0.16607410546230875
AOI-0016,2020-10-17,0.15767085341108814
AOI-0016,2021-04-02,0.2657620856876284
AOI-0016,2021-04-15,0.45653409084470037
AOI-0016,2021-05-12,0.8719877728685382
AOI-0016,2021-06-14,0.794812538612007
AOI-0016,2021-07-14,0.1999171408299261
AOI-0016,2021-07-24,0.15498879646913755
AOI-0016,2021-08-03,0.15594247889278404
AOI-0016,2021-08-29,0.28794339096410165
AOI-0016,2021-09-17,0.23796840898723434
AOI-0016,2021-09-29,0.1853953763426364
AOI-0016,2021-10-14,0.17876998256715138
AOI-0016,2022-06-04,0.2853661245548251
AOI-0016,2022-06-06,0.31427163436850697
AOI-0016,2022-07-06,0.8092011845428333
AOI-0016,2022-07-19,0.7954686818820366
AOI-0016,2022-07-21,0.7847363624056767
AOI-0016,2022-07-29,0.7781129700375704
AOI-0016,2022-08-03,0.6750163528796426
AOI-0016,2022-08-05,0.702752113495222
AOI-0016,2022-08-08,0.6512706486867751
AOI-0016,2022-08-13,0.5343636511652244
AOI-0016,2022-08-23,0.3791291734122533
AOI-0016,2022-09-27,0.22820845137492216
AOI-0016,2022-10-19,0.20606747461036246
AOI-0016,2023-04-11,0.6959129614211296
AOI-0016,2023-05-05,0.8197037891811028
AOI-0016,2023-05-25,0.8534496630721731
AOI-0016,2023-06-07,0.7167605440568873
AOI-0016,2023-06-11,0.6028221015332589
AOI-0016,2023-07-16,0.3077302991284772
AOI-0016,2023-07-17,0.2843501365878609
AOI-0016,2023-07-24,0.24372644135348376
AOI-0016,2023-07-28,0.3507227579241372
AOI-0016,2023-08-17,0.19364367789160877
AOI-0016,2023-08-25,0.13443551469507828
AOI-0016,2023-09-07,0.14333261251099053
AOI-0016,2023-09-26,0.214307548045766
AOI-0016,2023-10-16,0.21671254308840582
AOI-0016,2023-10-19,0.1679653092285793
AOI-0016,2024-04-26,0.4000306345006133
AOI-0016,2024-05-04,0.4564099186382302
AOI-0016,2024-05-06,0.45516257594326975
AOI-0016,2024-05-09,0.464508215045041
AOI-0016,2024-06-05,0.3483439474071941
AOI-0016,2024-06-13,0.2896719010344278
AOI-0016,2024-06-24,0.27954245786475024
AOI-0016,2024-07-10,0.22069753857712815
AOI-0016,2024-07-18,0.19626773238372977
AOI-0016,2024-09-11,0.16748959403980931
AOI-0016,2024-09-16,0.1765178132165869
AOI-0016,2024-10-07,0.2280663619744716
AOI-0016,2024-10-30,0.25451584712475567
AOI-0018,2010-07-12,0.7092959460272116
AOI-0018,2010-08-29,0.599115170625757
AOI-0018,2010-09-30,0.4836887305785061
AOI-0018,2011-04-26,0.24159936406070948
AOI-0018,2011-05-21,0.5184422135918995
AOI-0018,2011-05-25,0.7405683728252733
AOI-0018,2011-06-22,0.7334925268515313
AOI-0018,2011-06-26,0.7679968500901532
AOI-0018,2011-07-15,0.6551820774908137
AOI-0018,2011-07-28,0.6956126052888125
AOI-0018,2011-08-17,0.6608672769950873
AOI-0018,2011-10-27,0.4437401768642664
AOI-0018,2012-04-06,0.381112562472189
AOI-0018,2012-07-25,0.701883078703816
AOI-0018,2012-07-27,0.6951268885100932
AOI-0018,2012-09-04,0.6009827625298746
AOI-0018,2012-10-06,0.6175662729964434
AOI-0018,2012-10-15,0.6170403033950762
AOI-0018,2013-06-11,0.6566361727103623
AOI-0018,2013-08-13,0.7563423973857301
AOI-0018,2013-08-21,0.7252740458137142
AOI-0018,2013-09-22,0.705902043559027
AOI-0018,2013-10-16,0.6193636920922972
AOI-0018,2014-05-09,0.7321147537177645
AOI-0018,2014-06-06,0.6386569148707942
AOI-0018,2014-06-10,0.5774998081975259
AOI-0018,2014-09-14,0.4478269819103052
AOI-0018,2015-04-07,0.5085322629219416
AOI-0018,2015-05-23,0.6512198967611958
AOI-0018,2015-05-25,0.7219493069669239
AOI-0018,2015-08-04,0.5181392852182137
AOI-0018,2015-08-11,0.5064073995759363
AOI-0018,2015-09-28,0.4490114174098821
AOI-0018,2016-05-18,0.7625683044889846
AOI-0018,2016-06-03,0.7922607445931629
AOI-0018,2016-06-18,0.6574735115972675
AOI-0018,2016-07-13,0.5362818085188779
AOI-0018,2016-08-22,0.5811991299882294
AOI-0018,2016-10-16,0.5527740874142469
AOI-0018,2017-07-12,0.6945506247265539
AOI-0018,2017-08-08,0.5717834065766968
AOI-0018,2017-08-13,0.557895699632216
AOI-0018,2017-09-02,0.6133508745107097
AOI-0018,2017-09-26,0.5153995708375857
AOI-0018,2017-10-04,0.45559754629424215
AOI-0018,2017-10-05,0.44535613336037955
AOI-0018,2017-10-08,0.4393680825569976
AOI-0018,2018-06-15,0.5875563137333745
AOI-0018,2018-07-18,0.5736201927166599
AOI-0018,2018-07-28,0.5232761483339795
AOI-0018,2018-08-13,0.4008234804840544
AOI-0018,2018-08-20,0.3290193163390098
AOI-0018,2018-09-05,0.24476631686010367
AOI-0018,2018-10-07,0.23725520427104863
AOI-0018,2019-04-28,0.437445833943932
AOI-0018,2019-05-02,0.4876670508688771
AOI-0018,2019-05-06,0.385372089160249
AOI-0018,2019-05-13,0.2953948253202903
AOI-0018,2019-05-18,0.28121251533556685
AOI-0018,2019-05-21,0.25337208143457307
AOI-0018,2019-05-25,0.5097388033858172
AOI-0018,2019-06-25,0.31512462078711556
AOI-0018,2019-06-26,0.35835382992227544
AOI-0018,2019-07-12,0.666365766854204
AOI-0018,2019-08-29,0.5708969249674515
AOI-0018,2019-09-03,0.4416863297948436
AOI-0018,2019-09-10,0.37707953181463116
AOI-0018,2019-10-10,0.23527256751765022
AOI-0018,2019-10-13,0.2170842558197926
AOI-0018,2020-06-11,0.5697173696606249
AOI-0018,2020-06-25,0.29006637297382093
AOI-0018,2020-07-14,0.1409433816962947
AOI-0018,2020-08-20,0.19154475643638233
AOI-0018,2020-09-02,0.19430748888274982
AOI-0018,2020-09-04,0.19408591252625396
AOI-0018,2020-09-12,0.1728712137290844
AOI-0018,2020-09-26,0.1763081876307798
AOI-0018,2020-10-07,0.20836456636340794
AOI-0018,2020-10-09,0.19286609670131796
AOI-0018,2020-10-27,0.14839270019622053
AOI-0018,2021-04-02,0.2719283357580741
AOI-0018,2021-04-07,0.44995835758172237
AOI-0018,2021-05-09,0.8805591638929733
AOI-0018,2021-05-12,0.831535258924751
AOI-0018,2021-05-20,0.8557436311363332
AOI-0018,2021-05-23,0.8510005445227233
AOI-0018,2021-06-14,0.8010096040051389
AOI-0018,2021-07-19,0.19507559438866728
AOI-0018,2021-07-28,0.342382752530274
AOI-0018,2021-08-12,0.2948414210457186
AOI-0018,2021-08-23,0.21446886544452484
AOI-0018,2021-08-25,0.2127805051284364
AOI-0018,2021-08-29,0.3556021003465866
AOI-0018,2021-09-13,0.23059117064886772
AOI-0018,2021-10-27,0.2545276539597967
AOI-0018,2022-04-05,0.20426131107962878
AOI-0018,2022-04-08,0.23794111680922791
AOI-0018,2022-05-20,0.2682936334036033
AOI-0018,2022-06-04,0.3785731074719036
AOI-0018,2022-06-08,0.594036412241434
AOI-0018,2022-06-19,0.7431175655594494
AOI-0018,2022-06-24,0.7806880296589153
AOI-0018,2022-07-22,0.8175516589603623
AOI-0018,2022-07-30,0.7865678536148004
AOI-0018,2022-08-10,0.6403530927135884
AOI-0018,2022-08-28,0.3180383249243183
AOI-0018,2022-08-31,0.3327917320036649
AOI-0018,2022-10-19,0.22012641235639796
AOI-0018,2023-04-04,0.6936097069224942
AOI-0018,2023-04-10,0.6227892372132587
AOI-0018,2023-05-09,0.8356214028027432
AOI-0018,2023-05-15,0.8773745318801778
AOI-0018,2023-05-25,0.8129004944834612
AOI-0018,2023-06-24,0.34161762933937934
AOI-0018,2023-07-06,0.25476502857105915
AOI-0018,2023-07-16,0.2714635665235199
AOI-0018,2023-07-24,0.2140438997559706
AOI-0018,2023-08-02,0.24019499796006083
AOI-0018,2023-08-30,0.17915664655154465
AOI-0018,2023-09-12,0.17545862548550395
AOI-0018,2023-09-18,0.22899081948605507
AOI-0018,2023-10-12,0.1934355850229217
AOI-0018,2023-10-19,0.18143193593120902
AOI-0018,2024-04-05,0.20494320191070417
AOI-0018,2024-04-29,0.23227609919138192
AOI-0018,2024-05-07,0.24504946513062864
AOI-0018,2024-06-17,0.7960063077420855
AOI-0018,2024-06-25,0.7347942104853499
AOI-0018,2024-06-28,0.7284097779301667
AOI-0018,2024-07-05,0.6415351254062595
AOI-0018,2024-08-03,0.5363539008810054
AOI-0018,2024-08-20,0.3418334937427336
AOI-0018,2024-09-20,0.2388533130377032
AOI-0018,2024-09-23,0.19485567971385512
AOI-0018,2024-10-01,0.1869783592466735
AOI-0018,2024-10-30,0.23249812071667106
AOI-0024,2010-04-23,0.2722186021633347
AOI-0024,2010-06-19,0.2711056396599906
AOI-0024,2010-07-28,0.7460913626961435
AOI-0024,2010-10-16,0.29385538525270793
AOI-0024,2011-06-14,0.4212278926534259
AOI-0024,2011-06-26,0.3792973212320412
AOI-0024,2011-07-16,0.4680478608127802
AOI-0024,2011-09-14,0.45416671034095185
AOI-0024,2011-10-16,0.33729872558802865
AOI-0024,2012-04-04,0.234688348967972
AOI-0024,2012-04-06,0.2975634661455625
AOI-0024,2012-06-23,0.5223984597237522
AOI-0024,2012-07-18,0.2946155785270504
AOI-0024,2012-08-28,0.2806647992236014
AOI-0024,2012-09-04,0.29260673625776373
AOI-0024,2012-09-13,0.34810971356014786
AOI-0024,2012-09-27,0.31363122801153676
AOI-0024,2013-04-16,0.1969682441886429
AOI-0024,2013-06-11,0.44013466989385003
AOI-0024,2013-07-20,0.6344202048588689
AOI-0024,2013-07-29,0.6309022657684957
AOI-0024,2013-08-22,0.37643563806555913
AOI-0024,2013-09-14,0.36350615834635724
AOI-0024,2014-05-09,0.6620026608656681
AOI-0024,2014-07-12,0.31651735681125776
AOI-0024,2014-08-09,0.1602802820427909
AOI-0024,2014-08-16,0.16808043370861023
AOI-0024,2014-09-30,0.2431521149724124
AOI-0024,2014-10-04,0.22325763214037384
AOI-0024,2015-04-14,0.29753695405359
AOI-0024,2015-07-11,0.26651975406264766
AOI-0024,2015-07-12,0.32076130029648015
AOI-0024,2015-07-28,0.3472312233450033
AOI-0024,2015-09-29,0.24632641661383384
AOI-0024,2016-04-08,0.254331959101219
AOI-0024,2016-04-23,0.34604469560703066
AOI-0024,2016-06-19,0.7165002452767189
AOI-0024,2016-08-12,0.7243325960977733
AOI-0024,2016-08-22,0.6127938327248669
AOI-0024,2016-08-30,0.4840000920531107
AOI-0024,2016-09-14,0.4020626926343643
AOI-0024,2016-10-16,0.3015339555431545
AOI-0024,2017-04-26,0.5682385879103083
AOI-0024,2017-05-01,0.60580622827873
AOI-0024,2017-05-12,0.7847210373136339
AOI-0024,2017-05-29,0.7667996634874226
AOI-0024,2017-06-13,0.743192100983696
AOI-0024,2017-06-14,0.6842184447183608
AOI-0024,2017-06-29,0.3684217880383415
AOI-0024,2017-07-07,0.32770189745750716
AOI-0024,2017-07-15,0.2642991410625449
AOI-0024,2017-08-01,0.19334801458777404
AOI-0024,2017-08-04,0.22050130425842496
AOI-0024,2017-08-08,0.1357760103401765
AOI-0024,2017-08-16,0.1957310534415536
AOI-0024,2017-08-24,0.1373325957359907
AOI-0024,2017-09-02,0.17634818378338468
AOI-0024,2017-09-05,0.1437044753064555
AOI-0024,2017-09-18,0.18027609707005307
AOI-0024,2017-09-30,0.23160133218902598
AOI-0024,2018-04-14,0.2288271202106311
AOI-0024,2018-06-24,0.42629122939128855
AOI-0024,2018-06-25,0.44270511681460306
AOI-0024,2018-08-19,0.24923000160531336
AOI-0024,2018-09-04,0.2144676215018874
AOI-0024,2018-09-29,0.19932342885338358
AOI-0024,2019-04-01,0.24023723638335356
AOI-0024,2019-04-21,0.5007083949912546
AOI-0024,2019-05-11,0.7132872032396179
AOI-0024,2019-05-28,0.8273358460063677
AOI-0024,2019-08-23,0.18251433828449673
AOI-0024,2019-08-24,0.1854578510021431
AOI-0024,2019-09-14,0.293741435082971
AOI-0024,2019-09-15,0.20071815635070192
AOI-0024,2019-09-16,0.25212328803510825
AOI-0024,2019-10-09,0.3311199573769319
AOI-0024,2019-10-26,0.2752741124666636
AOI-0024,2020-04-30,0.24406841878875873
AOI-0024,2020-05-27,0.2463524275814173
AOI-0024,2020-07-07,0.6721879393614064
AOI-0024,2020-08-09,0.40096488054708
AOI-0024,2020-08-12,0.4178651722466145
AOI-0024,2020-09-22,0.17304663119543592
AOI-0024,2020-10-15,0.2335046318153853
AOI-0024,2021-06-10,0.8263885606375619
AOI-0024,2021-07-12,0.29221337797077335
AOI-0024,2021-08-03,0.1924452380481131
AOI-0024,2021-08-12,0.17404235180585445
AOI-0024,2021-08-23,0.1647750654402352
AOI-0024,2021-08-25,0.20615083637666998
AOI-0024,2022-04-05,0.47941561464633403
AOI-0024,2022-05-25,0.8746786635217877
AOI-0024,2022-06-04,0.8302534911625608
AOI-0024,2022-06-30,0.37771031362369784
AOI-0024,2022-07-01,0.2970071849385143
AOI-0024,2022-07-17,0.2376398029083513
AOI-0024,2022-08-22,0.27796849956645936
AOI-0024,2022-09-01,0.2899464711872837
AOI-0024,2022-09-30,0.37787965893202163
AOI-0024,2022-10-01,0.3395878433494857
AOI-0024,2023-04-23,0.4178920834996989
AOI-0024,2023-04-27,0.2755147509947958
AOI-0024,2023-05-12,0.2964532113709127
AOI-0024,2023-05-17,0.2340429093912824
AOI-0024,2023-06-19,0.6542318956172737
AOI-0024,2023-07-05,0.7783212104739778
AOI-0024,2023-07-21,0.7732049701372453
AOI-0024,2023-08-01,0.7629610840142839
AOI-0024,2023-08-06,0.7601597247988913
AOI-0024,2023-08-13,0.7013083313958393
AOI-0024,2023-08-18,0.5683602338432149
AOI-0024,2023-09-22,0.2488190628019331
AOI-0024,2023-09-29,0.21371319541922593
AOI-0024,2023-10-11,0.17876341738618573
AOI-0024,2023-10-12,0.20439764961606
AOI-0024,2024-04-05,0.6133910286636288
AOI-0024,2024-04-11,0.7432593676281417
AOI-0024,2024-05-23,0.8600449807234939
AOI-0024,2024-06-24,0.2699742628873841
AOI-0024,2024-06-28,0.2066869825816433
AOI-0024,2024-07-11,0.2332688541624324
AOI-0024,2024-07-15,0.1588192708986604
AOI-0024,2024-07-27,0.22996505351149021
AOI-0024,2024-07-30,0.1563311965809705
AOI-0024,2024-08-09,0.1564200564778578
AOI-0024,2024-09-21,0.15508560971956492
AOI-0024,2024-10-03,0.1357724652886866
AOI-0024,2024-10-08,0.1297116382453886
AOI-0025,2010-06-02,0.5847438547965559
AOI-0025,2011-04-02,0.1702798995166611
AOI-0025,2011-04-07,0.2571955157178994
AOI-0025,2011-06-26,0.34323086116339835
AOI-0025,2011-08-08,0.27924465673514715
AOI-0025,2012-04-04,0.534780077557014
AOI-0025,2012-05-24,0.7929553618969348
AOI-0025,2012-08-26,0.20904979527445774
AOI-0025,2013-04-07,0.27418421604563187
AOI-0025,2013-04-23,0.42861491864148754
AOI-0025,2013-08-13,0.23098223208480803
AOI-0025,2013-10-16,0.5437347879394193
AOI-0025,2014-04-18,0.7843759112443749
AOI-0025,2014-05-09,0.8818498163815606
AOI-0025,2014-07-28,0.29695010251938253
AOI-0025,2014-08-24,0.254984695225593
AOI-0025,2015-04-13,0.23273878979314885
AOI-0025,2015-05-25,0.3296002336636878
AOI-0025,2015-08-13,0.22895819043626456
AOI-0025,2015-09-14,0.24865442008386526
AOI-0025,2016-04-06,0.7061591473235911
AOI-0025,2016-05-09,0.7894025708999588
AOI-0025,2016-05-25,0.7573704943430997
AOI-0025,2016-06-10,0.5377762828941509
AOI-0025,2016-06-18,0.4058173942671736
AOI-0025,2016-07-11,0.25161692086329956
AOI-0025,2016-07-27,0.20518807129034977
AOI-0025,2016-08-12,0.1841102566775794
AOI-0025,2016-09-13,0.22541579556669578
AOI-0025,2016-10-15,0.29136890439782154
AOI-0025,2016-10-24,0.1859360636932195
AOI-0025,2017-04-02,0.20146056167254925
AOI-0025,2017-04-23,0.3664308878228448
AOI-0025,2017-05-25,0.4802172878450878
AOI-0025,2017-07-28,0.6424235994890001
AOI-0025,2017-07-31,0.6543127923987719
AOI-0025,2017-08-09,0.32812371014437713
AOI-0025,2017-08-29,0.20273657809511056
AOI-0025,2018-07-26,0.24392101486825402
AOI-0025,2018-09-12,0.1713192784875881
AOI-0025,2019-04-07,0.3699915895107988
AOI-0025,2019-05-02,0.2578557732951606
AOI-0025,2019-06-27,0.17873882036065478
AOI-0025,2019-08-06,0.19401919343431248
AOI-0025,2019-08-19,0.11240206046863775
AOI-0025,2019-08-22,0.23593788351058076
AOI-0025,2019-08-29,0.17207910345012953
AOI-0025,2019-09-14,0.24296123196918704
AOI-0025,2019-09-23,0.16540510278012166
AOI-0025,2019-10-23,0.6671369733541859
AOI-0025,2020-05-30,0.8193188805724807
AOI-0025,2020-08-13,0.15262028314744439
AOI-0025,2020-09-22,0.1569249063771274
AOI-0025,2020-10-12,0.12676595008981442
AOI-0025,2021-05-31,0.8416127993345364
AOI-0025,2021-06-24,0.6564224112518192
AOI-0025,2021-07-14,0.2071079522949902
AOI-0025,2021-07-28,0.22260423981664376
AOI-0025,2021-09-14,0.22315421067369365
AOI-0025,2021-10-16,0.25387362322587337
AOI-0025,2022-06-09,0.8424539365927085
AOI-0025,2022-06-11,0.8058351986914309
AOI-0025,2022-06-13,0.7843962474624414
AOI-0025,2022-06-29,0.295729520066369
AOI-0025,2022-07-21,0.17796974222499692
AOI-0025,2022-08-13,0.16419252072588175
AOI-0025,2022-08-14,0.19627071973566856
AOI-0025,2022-08-29,0.26182247817545506
AOI-0025,2022-09-30,0.25690969767347105
AOI-0025,2023-05-09,0.42699375897131214
AOI-0025,2023-05-15,0.2448221397033384
AOI-0025,2023-06-26,0.7377826975267775
AOI-0025,2023-07-16,0.697640443550381
AOI-0025,2023-08-01,0.771073405075659
AOI-0025,2023-08-13,0.7485411937980727
AOI-0025,2023-09-30,0.26199142635936123
AOI-0025,2024-05-07,0.8222899269419864
AOI-0025,2024-05-23,0.8326545560149281
AOI-0025,2024-07-18,0.14520685116216867
AOI-0025,2024-07-28,0.16368521906905573
AOI-0025,2024-08-12,0.14664831116266763
AOI-0025,2024-08-17,0.1446442458262541
AOI-0025,2024-09-16,0.1362241314714153
AOI-0025,2024-09-26,0.13327897708106015
AOI-0025,2024-10-11,0.10807544206120845
AOI-0025,2024-10-30,0.16228849126713932
AOI-0029,2010-08-13,0.16655189233092724
AOI-0029,2010-08-29,0.17177095438041032
AOI-0029,2011-04-26,0.3797538712404008
AOI-0029,2012-05-24,0.5364408297902442
AOI-0029,2012-06-09,0.6156869930253045
AOI-0029,2012-07-27,0.4041655014218159
AOI-0029,2012-09-27,0.21524056834804717
AOI-0029,2013-04-15,0.7876215166786396
AOI-0029,2013-05-09,0.8301659056970981
AOI-0029,2014-05-20,0.4054036992984242
AOI-0029,2014-06-10,0.20525456621033045
AOI-0029,2014-07-28,0.22187045736329503
AOI-0029,2014-08-13,0.1958563279635749
AOI-0029,2015-04-23,0.842642170721397
AOI-0029,2016-04-07,0.23027970237272574
AOI-0029,2016-06-18,0.8024515819845809
AOI-0029,2016-07-04,0.7755163532385171
AOI-0029,2016-08-13,0.36563441693214777
AOI-0029,2016-09-29,0.3553676285827516
AOI-0029,2017-04-01,0.6377200197879657
AOI-0029,2017-04-07,0.7338411478841591
AOI-0029,2017-05-01,0.7014051202170926
AOI-0029,2017-06-10,0.7142926730527924
AOI-0029,2017-06-26,0.25652797750805356
AOI-0029,2017-08-04,0.2439566656624603
AOI-0029,2017-08-09,0.16382909495265294
AOI-0029,2017-08-13,0.183145011313531
AOI-0029,2017-09-01,0.24804996692306225
AOI-0029,2017-09-30,0.20833882007835547
AOI-0029,2018-04-23,0.35881905147150084
AOI-0029,2018-06-16,0.1914117288562429
AOI-0029,2018-09-12,0.14446011301290182
AOI-0029,2018-09-18,0.17957182773053204
AOI-0029,2018-09-30,0.2597451156793879
AOI-0029,2019-04-11,0.4368378455797603
AOI-0029,2019-04-23,0.7346790028257634
AOI-0029,2019-06-05,0.8201487593637994
AOI-0029,2019-06-15,0.6093862331293645
AOI-0029,2019-06-25,0.23363593326823562
AOI-0029,2019-07-25,0.17073151403468023
AOI-0029,2019-07-28,0.3235480104145599
AOI-0029,2019-09-13,0.14617285621335044
AOI-0029,2019-09-23,0.12989362099100765
AOI-0029,2020-04-02,0.21306677104570174
AOI-0029,2020-04-06,0.30000550374353974
AOI-0029,2020-05-20,0.5976864647876706
AOI-0029,2020-07-14,0.1574933767953702
AOI-0029,2020-07-23,0.23530213937838598
AOI-0029,2020-08-03,0.12648224506329753
AOI-0029,2020-09-02,0.15745824983132592
AOI-0029,2020-09-17,0.16128663991290634
AOI-0029,2020-09-25,0.18655259983603226
AOI-0029,2021-04-21,0.6309738252533917
AOI-0029,2021-05-07,0.8096923319360884
AOI-0029,2021-05-23,0.8629667113008356
AOI-0029,2021-06-16,0.8225794296980155
AOI-0029,2021-06-19,0.7915691254257989
AOI-0029,2021-06-26,0.5639757735388912
AOI-0029,2021-07-10,0.30052086928299876
AOI-0029,2021-09-17,0.22626673427350844
AOI-0029,2021-10-07,0.24036044199207485
AOI-0029,2021-10-22,0.2596310223765788
AOI-0029,2021-10-27,0.28780490544861176
AOI-0029,2022-04-10,0.22582065583406682
AOI-0029,2022-04-15,0.27924887507877677
AOI-0029,2022-06-09,0.43205719485749455
AOI-0029,2022-06-19,0.6927341921219146
AOI-0029,2022-07-05,0.7623757586242575
AOI-0029,2022-07-12,0.721331643743535
AOI-0029,2022-08-03,0.6478112562472016
AOI-0029,2022-08-29,0.4249581570731295
AOI-0029,2022-09-17,0.18772170265545887
AOI-0029,2023-06-30,0.3723965589467602
AOI-0029,2023-07-12,0.3361212883751395
AOI-0029,2023-07-28,0.2956769073770381
AOI-0029,2023-08-01,0.22035965526458276
AOI-0029,2023-08-09,0.22528061564097845
AOI-0029,2023-08-25,0.18278579709488016
AOI-0029,2023-09-22,0.16242169866831155
AOI-0029,2023-09-24,0.16231633757431976
AOI-0029,2024-05-24,0.20354809543992972
AOI-0029,2024-06-24,0.17949797732567854
AOI-0029,2024-06-28,0.1720210562367047
AOI-0029,2024-07-03,0.18246039981155723
AOI-0029,2024-07-11,0.1675913975078073
AOI-0029,2024-09-28,0.17468009819412864
AOI-0034,2010-04-26,0.33164887176405494
AOI-0034,2010-05-28,0.545909211050953
AOI-0034,2010-06-12,0.6021543988370417
AOI-0034,2010-07-31,0.24938971181159816
AOI-0034,2011-04-07,0.333295190441896
AOI-0034,2011-04-28,0.257169706761442
AOI-0034,2011-06-16,0.2774356455749475
AOI-0034,2011-06-26,0.2337465008841023
AOI-0034,2011-07-26,0.16876205429865612
AOI-0034,2011-08-18,0.1814475771164797
AOI-0034,2011-09-27,0.2757971581795358
AOI-0034,2011-09-30,0.32534662362008554
AOI-0034,2012-05-01,0.5743986043174472
AOI-0034,2012-05-17,0.5096433008554956
AOI-0034,2012-05-24,0.45924086352944365
AOI-0034,2012-06-09,0.28146597901449394
AOI-0034,2012-06-25,0.21900000360664018
AOI-0034,2012-07-27,0.2000575462704878
AOI-0034,2012-08-12,0.1735732455970345
AOI-0034,2013-04-02,0.2392403822464686
AOI-0034,2013-04-18,0.26795471096656454
AOI-0034,2013-05-11,0.3706190197458267
AOI-0034,2013-06-13,0.21448051629922008
AOI-0034,2013-06-21,0.18709356664079035
AOI-0034,2013-07-14,0.15085300655242884
AOI-0034,2013-08-23,0.22200355706771344
AOI-0034,2013-10-10,0.388356250465654
AOI-0034,2014-07-10,0.15678553620012517
AOI-0034,2014-10-29,0.20708560414391805
AOI-0034,2015-04-24,0.2355621716870968
AOI-0034,2015-05-26,0.1923763485129714
AOI-0034,2015-07-04,0.15593282369234146
AOI-0034,2015-08-13,0.17191285153711355
AOI-0034,2015-08-29,0.16624000983286055
AOI-0034,2015-09-07,0.15723211366702192
AOI-0034,2015-09-15,0.15000760546331116
AOI-0034,2015-09-22,0.13935962089916507
AOI-0034,2015-10-08,0.18606107521152357
AOI-0034,2016-06-12,0.5071113444054135
AOI-0034,2016-06-21,0.28731054991002597
AOI-0034,2016-07-27,0.22345550182364904
AOI-0034,2016-08-31,0.16583374492618178
AOI-0034,2016-10-15,0.24261898488398845
AOI-0034,2016-10-26,0.21666529309146276
AOI-0034,2017-04-03,0.16861506275816382
AOI-0034,2017-04-04,0.16265498130002515
AOI-0034,2017-05-07,0.24118336760906597
AOI-0034,2017-06-10,0.2756698317399036
AOI-0034,2017-07-17,0.15506080942298736
AOI-0034,2017-07-25,0.16422168755749358
AOI-0034,2017-08-02,0.1967037450303252
AOI-0034,2017-08-06,0.1438539337798522
AOI-0034,2017-08-19,0.15705588775090787
AOI-0034,2017-09-11,0.14140480917011491
AOI-0034,2017-09-28,0.2815706098216266
AOI-0034,2018-04-28,0.7957960644641401
AOI-0034,2018-05-17,0.8417625907316508
AOI-0034,2018-05-30,0.6841714780538406
AOI-0034,2018-06-11,0.3897955796487764
AOI-0034,2018-06-27,0.2130178148576497
AOI-0034,2018-09-05,0.10251673619522976
AOI-0034,2019-04-23,0.2065303263959025
AOI-0034,2019-05-18,0.18336770014915907
AOI-0034,2019-05-29,0.18603446835854387
AOI-0034,2019-06-04,0.14853729176593736
AOI-0034,2019-06-17,0.12049385347952042
AOI-0034,2019-06-22,0.1343487421218638
AOI-0034,2019-06-24,0.15224000589372796
AOI-0034,2019-06-27,0.13273019220784246
AOI-0034,2019-07-19,0.1407682746527916
AOI-0034,2019-07-29,0.1308913053233413
AOI-0034,2019-08-11,0.16025482117297984
AOI-0034,2019-08-13,0.1851048474534128
AOI-0034,2019-09-02,0.15107274762571324
AOI-0034,2019-09-14,0.22942354074634572
AOI-0034,2019-09-17,0.16348865262430148
AOI-0034,2019-10-22,0.6833084325394081
AOI-0034,2020-04-14,0.7501730548684694
AOI-0034,2020-04-17,0.672873008647921
AOI-0034,2020-04-29,0.6904541822316776
AOI-0034,2020-05-04,0.706767204600018
AOI-0034,2020-05-24,0.6068762024037863
AOI-0034,2020-05-31,0.6531951238030027
AOI-0034,2020-06-03,0.6147041976234698
AOI-0034,2020-07-10,0.1534307391990689
AOI-0034,2020-07-16,0.12975971810437784
AOI-0034,2020-07-23,0.10595765708000708
AOI-0034,2020-07-25,0.1266635628525642
AOI-0034,2020-07-28,0.11910702283471546
AOI-0034,2020-07-31,0.11633715526371786
AOI-0034,2020-08-07,0.13775812751076552
AOI-0034,2020-08-11,0.146880156401282
AOI-0034,2020-09-03,0.13237879626062082
AOI-0034,2020-09-04,0.12898885149876166
AOI-0034,2020-09-29,0.16086964688419234
AOI-0034,2020-10-15,0.19219760179073733
AOI-0034,2021-04-12,0.15619248986059905
AOI-0034,2021-04-22,0.15147996490139917
AOI-0034,2021-05-01,0.18743524863208416
AOI-0034,2021-05-07,0.1495635703857428
AOI-0034,2021-05-10,0.17610587227949837
AOI-0034,2021-05-29,0.14659624989896983
AOI-0034,2021-07-26,0.14588146434589558
AOI-0034,2021-07-28,0.1712919622387031
AOI-0034,2021-07-31,0.14575419724307392
AOI-0034,2021-08-02,0.1333551731160958
AOI-0034,2021-08-06,0.14989108129405196
AOI-0034,2021-08-17,0.14923506872422368
AOI-0034,2021-08-29,0.21400782086530945
AOI-0034,2021-09-11,0.09687948924359119
AOI-0034,2021-09-14,0.09497080747213384
AOI-0034,2021-09-15,0.10290284822891382
AOI-0034,2021-10-06,0.264180562541482
AOI-0034,2021-10-09,0.3068100903577164
AOI-0034,2022-04-12,0.7196045061324613
AOI-0034,2022-05-29,0.8154247080668551
AOI-0034,2022-06-11,0.5004224893439247
AOI-0034,2022-06-20,0.30251695169381354
AOI-0034,2022-06-30,0.2521019793992314
AOI-0034,2022-08-25,0.13608890742135085
AOI-0034,2022-09-06,0.12910258729107918
AOI-0034,2022-09-09,0.12765397557209862
AOI-0034,2022-10-01,0.12096929186066896
AOI-0034,2022-10-06,0.13382000627819932
AOI-0034,2023-04-04,0.19613908133872382
AOI-0034,2023-04-17,0.1964708892389713
AOI-0034,2023-04-23,0.24171017062747666
AOI-0034,2023-05-31,0.15176998731981642
AOI-0034,2023-07-21,0.14655249542604384
AOI-0034,2023-07-23,0.12994520969341347
AOI-0034,2023-07-28,0.18972741460689477
AOI-0034,2023-08-08,0.1587542018419177
AOI-0034,2023-08-17,0.15780181687303685
AOI-0034,2023-09-26,0.2382707375667743
AOI-0034,2023-09-28,0.3056671574078096
AOI-0034,2023-09-30,0.3605496924148947
AOI-0034,2023-10-01,0.3270567382368076
AOI-0034,2024-04-28,0.8102076262225494
AOI-0034,2024-05-09,0.8066269990818205
AOI-0034,2024-05-10,0.7765984697661015
AOI-0034,2024-05-21,0.7257000032724378
AOI-0034,2024-06-26,0.2082602541776013
AOI-0034,2024-08-16,0.13659556291174202
AOI-0034,2024-09-06,0.14464199826077595
AOI-0034,2024-09-07,0.1482589102874936
AOI-0034,2024-09-13,0.13053425167472543
AOI-0034,2024-09-14,0.1571644295489544
AOI-0034,2024-10-05,0.12703785316353636
AOI-0034,2024-10-09,0.1542369207384408
AOI-0034,2024-10-15,0.1960978232232691
AOI-0034,2024-10-25,0.176537187572237
AOI-0034,2024-10-30,0.1976721883340579
AOI-0036,2010-05-28,0.3611833410031311
AOI-0036,2010-06-10,0.398144768550424
AOI-0036,2010-07-06,0.29670705845768136
AOI-0036,2010-07-07,0.2796833583411886
AOI-0036,2010-07-28,0.24398532731410097
AOI-0036,2010-07-30,0.21872809425031933
AOI-0036,2010-09-01,0.14629169105968254
AOI-0036,2010-09-14,0.20724147413474725
AOI-0036,2010-09-30,0.20975937145161397
AOI-0036,2011-07-01,0.40995391002009685
AOI-0036,2011-07-12,0.3746979523800184
AOI-0036,2012-04-22,0.5690326682734143
AOI-0036,2012-07-20,0.25969546332276405
AOI-0036,2012-07-27,0.26412785616196716
AOI-0036,2012-09-06,0.13961626440112818
AOI-0036,2012-09-13,0.15169281261344142
AOI-0036,2012-09-29,0.17200484518314996
AOI-0036,2012-10-15,0.19510725146280514
AOI-0036,2013-04-02,0.27057207489554785
AOI-0036,2013-06-10,0.33287551613962063
AOI-0036,2013-06-26,0.3335838598750231
AOI-0036,2013-06-28,0.2904321194755802
AOI-0036,2013-09-14,0.3767005054755443
AOI-0036,2013-10-10,0.34212917353312977
AOI-0036,2014-04-23,0.4069308382758487
AOI-0036,2014-05-25,0.27253537784453213
AOI-0036,2014-06-24,0.2544078145441661
AOI-0036,2014-08-02,0.15600530690629744
AOI-0036,2014-10-05,0.18307956666128244
AOI-0036,2014-10-14,0.1961756019231131
AOI-0036,2015-05-25,0.497522523777052
AOI-0036,2015-07-28,0.19628101493182026
AOI-0036,2015-08-06,0.17469870262302511
AOI-0036,2015-09-06,0.12394031175655369
AOI-0036,2015-09-30,0.1791207254501385
AOI-0036,2016-06-09,0.3106838217180696
AOI-0036,2016-07-15,0.31732815900349204
AOI-0036,2016-07-27,0.3733199825443953
AOI-0036,2016-08-23,0.21961013005453223
AOI-0036,2016-09-25,0.19541242864330197
AOI-0036,2016-10-26,0.23812997107503153
AOI-0036,2017-04-12,0.3575517419272886
AOI-0036,2017-07-04,0.2296902896844509
AOI-0036,2017-07-25,0.2041357072606205
AOI-0036,2017-07-28,0.2616578662138959
AOI-0036,2017-08-18,0.20041727168260282
AOI-0036,2017-08-21,0.15370141692004194
AOI-0036,2017-08-26,0.14713398462803098
AOI-0036,2017-08-27,0.18892739380216014
AOI-0036,2017-09-04,0.15583997590534673
AOI-0036,2018-06-03,0.3630170066721415
AOI-0036,2018-06-26,0.21938411566040503
AOI-0036,2018-07-12,0.20335298754490158
AOI-0036,2018-08-22,0.17536102965212544
AOI-0036,2018-08-29,0.18481222273403541
AOI-0036,2018-09-05,0.13432950305076502
AOI-0036,2018-09-06,0.1751293395767398
AOI-0036,2018-10-01,0.1522581040499619
AOI-0036,2018-10-09,0.16596296670357338
AOI-0036,2018-10-12,0.19067199193025944
AOI-0036,2019-05-21,0.5127683660768471
AOI-0036,2019-05-25,0.5198109671819914
AOI-0036,2019-05-29,0.4516956079466205
AOI-0036,2019-06-04,0.3188880881148428
AOI-0036,2019-06-17,0.16776196865942175
AOI-0036,2019-07-12,0.2351138337451738
AOI-0036,2019-07-28,0.3111307206561302
AOI-0036,2019-07-29,0.20740872835531285
AOI-0036,2019-08-01,0.22484145490399166
AOI-0036,2019-08-26,0.17257526606477733
AOI-0036,2019-08-29,0.2189731230862643
AOI-0036,2019-09-15,0.13341989239171878
AOI-0036,2019-10-15,0.3666511002339096
AOI-0036,2019-10-19,0.390297341355033
AOI-0036,2019-10-22,0.3981381622025539
AOI-0036,2020-04-04,0.460479732896107
AOI-0036,2020-04-06,0.4718195234388714
AOI-0036,2020-05-24,0.4679491495649916
AOI-0036,2020-05-29,0.4403817247329925
AOI-0036,2020-06-11,0.2834003223043412
AOI-0036,2020-08-10,0.12615241352563145
AOI-0036,2020-08-19,0.15078377231441298
AOI-0036,2020-08-26,0.1753403529197418
AOI-0036,2020-08-28,0.20095942662835956
AOI-0036,2020-09-20,0.1758045651845165
AOI-0036,2020-10-19,0.12510804067069003
AOI-0036,2020-10-26,0.1604415091447653
AOI-0036,2021-06-26,0.2831029067006739
AOI-0036,2021-07-21,0.16072045261825976
AOI-0036,2021-07-26,0.16170723534607814
AOI-0036,2021-08-06,0.19512090326424777
AOI-0036,2021-08-17,0.22323588737647482
AOI-0036,2021-10-14,0.31759568774716124
AOI-0036,2022-04-07,0.33810306881348723
AOI-0036,2022-06-14,0.24468219532255045
AOI-0036,2022-06-26,0.20465704278295785
AOI-0036,2022-07-07,0.19972956285972862
AOI-0036,2022-07-21,0.143653993461356
AOI-0036,2022-08-13,0.16459811602506114
AOI-0036,2022-08-22,0.14915248034993353
AOI-0036,2022-08-24,0.16713848395112993
AOI-0036,2022-09-14,0.18035998121727012
AOI-0036,2022-09-18,0.16633216021690586
AOI-0036,2023-04-17,0.4542601789844302
AOI-0036,2023-05-09,0.6534188542750154
AOI-0036,2023-06-18,0.422856440801294
AOI-0036,2023-06-25,0.3979134650387292
AOI-0036,2023-07-02,0.37722965181907736
AOI-0036,2023-08-17,0.22305788799853024
AOI-0036,2023-09-29,0.16855539055875315
AOI-0036,2023-10-16,0.22149945908093724
AOI-0036,2023-10-23,0.1579657704535791
AOI-0036,2024-04-13,0.37555330201770803
AOI-0036,2024-05-06,0.5169959380425282
AOI-0036,2024-05-10,0.4616271613775877
AOI-0036,2024-05-16,0.4280028065046342
AOI-0036,2024-05-18,0.3574257848951266
AOI-0036,2024-05-23,0.37468688517254467
AOI-0036,2024-06-07,0.16625239517104384
AOI-0036,2024-07-22,0.13997425595582075
AOI-0036,2024-07-25,0.15011128868609233
AOI-0036,2024-08-21,0.149508900362608
AOI-0036,2024-08-28,0.19027143208100464
AOI-0036,2024-09-15,0.1428148493829284
AOI-0036,2024-09-22,0.16193134225552885
AOI-0036,2024-09-25,0.13888911765740708
AOI-0036,2024-09-28,0.14083968665774685
AOI-0039,2010-04-07,0.411696104883476
AOI-0039,2010-05-04,0.4726644508834357
AOI-0039,2010-05-28,0.5700728105052684
AOI-0039,2010-07-15,0.4439923624485987
AOI-0039,2010-09-30,0.39592320953384846
AOI-0039,2012-04-06,0.4617076721761366
AOI-0039,2012-09-06,0.3459467120381681
AOI-0039,2013-04-05,0.3079135096778338
AOI-0039,2013-06-13,0.4568198587817693
AOI-0039,2013-06-26,0.4269457822229403
AOI-0039,2013-07-12,0.3742063861589966
AOI-0039,2013-09-14,0.5459263899420951
AOI-0039,2014-04-07,0.5392847145143365
AOI-0039,2014-06-08,0.45874050785600956
AOI-0039,2014-06-23,0.4550186649570818
AOI-0039,2014-08-02,0.3455519993013705
AOI-0039,2014-09-04,0.32516249137674863
AOI-0039,2015-04-24,0.4373503131901673
AOI-0039,2015-05-10,0.526586257743892
AOI-0039,2015-06-10,0.44324719994150624
AOI-0039,2015-07-28,0.40072923614293643
AOI-0039,2015-08-14,0.3347617285453888
AOI-0039,2015-08-21,0.31986500360819053
AOI-0039,2015-09-22,0.36864072844109613
AOI-0039,2015-09-23,0.3873882811907876
AOI-0039,2016-04-25,0.5874764898087095
AOI-0039,2016-05-08,0.6775434157557584
AOI-0039,2016-07-06,0.4166225461033755
AOI-0039,2016-09-08,0.2980719977391076
AOI-0039,2016-10-03,0.36587324243527775
AOI-0039,2016-10-15,0.40622638490033675
AOI-0039,2016-10-18,0.40466772101531917
AOI-0039,2017-04-13,0.34817118255479457
AOI-0039,2017-05-09,0.6408019656846484
AOI-0039,2017-08-13,0.38548812688128614
AOI-0039,2017-08-19,0.391611719238059
AOI-0039,2017-09-10,0.4620394823486739
AOI-0039,2017-09-11,0.4534339391079605
AOI-0039,2017-09-17,0.503985165852002
AOI-0039,2017-09-22,0.5205226483555561
AOI-0039,2018-05-01,0.5817090738798149
AOI-0039,2018-08-14,0.41032679902567626
AOI-0039,2018-08-21,0.38848970137485095
AOI-0039,2018-08-29,0.40108926264919204
AOI-0039,2019-04-25,0.5074370542244653
AOI-0039,2019-06-02,0.6228960806648421
AOI-0039,2019-06-10,0.5767696542572517
AOI-0039,2019-06-14,0.49294013553227495
AOI-0039,2019-07-04,0.3623902023334567
AOI-0039,2019-07-17,0.3488427197000428
AOI-0039,2019-08-01,0.5120799538265871
AOI-0039,2019-08-09,0.4979497348618345
AOI-0039,2019-08-11,0.5053122395423214
AOI-0039,2019-08-31,0.3846074054507205
AOI-0039,2019-09-12,0.3558941155281936
AOI-0039,2019-10-02,0.4061027099788908
AOI-0039,2019-10-11,0.4631780880733954
AOI-0039,2019-10-12,0.3079245574236094
AOI-0039,2019-10-16,0.563385015867184
AOI-0039,2019-10-17,0.48322043325187786
AOI-0039,2019-10-25,0.5462571604808621
AOI-0039,2020-04-12,0.3533337767121414
AOI-0039,2020-04-21,0.34846164369941546
AOI-0039,2020-04-24,0.41632342618461265
AOI-0039,2020-05-14,0.528764237516576
AOI-0039,2020-05-29,0.49411044003824545
AOI-0039,2020-06-28,0.4883062407220075
AOI-0039,2020-07-23,0.2734957560580737
AOI-0039,2020-07-25,0.3258285722745949
AOI-0039,2020-07-26,0.32174861368800906
AOI-0039,2020-08-03,0.33250708587501127
AOI-0039,2020-08-07,0.28728991033491025
AOI-0039,2020-08-18,0.3011455436055824
AOI-0039,2020-08-19,0.3183647909900907
AOI-0039,2020-08-27,0.34274037319156553
AOI-0039,2020-09-09,0.3028211578755186
AOI-0039,2020-10-11,0.23435803081813775
AOI-0039,2020-10-26,0.24433246425526187
AOI-0039,2021-04-23,0.4970083218960361
AOI-0039,2021-05-12,0.5694825174268286
AOI-0039,2021-05-17,0.5540294363548661
AOI-0039,2021-05-22,0.5645187178827126
AOI-0039,2021-06-26,0.520589877268697
AOI-0039,2021-07-26,0.4734066380212221
AOI-0039,2021-08-07,0.42632877022467214
AOI-0039,2021-08-25,0.4638185609272874
AOI-0039,2021-08-29,0.5027805363093978
AOI-0039,2021-09-06,0.4972961537973879
AOI-0039,2021-09-19,0.4449471507043507
AOI-0039,2021-10-09,0.4335892607375806
AOI-0039,2022-04-12,0.38976715427870817
AOI-0039,2022-05-28,0.7289538506501151
AOI-0039,2022-06-05,0.6842769516019308
AOI-0039,2022-06-16,0.5839624356415175
AOI-0039,2022-07-06,0.5280977162439214
AOI-0039,2022-07-08,0.4567819725321998
AOI-0039,2022-08-13,0.37829434863674144
AOI-0039,2022-08-30,0.32524290047284593
AOI-0039,2022-10-01,0.43388350172458473
AOI-0039,2023-05-09,0.6842931074542711
AOI-0039,2023-06-13,0.6893473020684487
AOI-0039,2023-06-21,0.6652266828325227
AOI-0039,2023-06-23,0.6474843025533064
AOI-0039,2023-07-28,0.4904855320923834
AOI-0039,2023-07-31,0.4432639467493836
AOI-0039,2023-08-18,0.36936364281017603
AOI-0039,2023-09-30,0.44233680711397416
AOI-0039,2023-10-06,0.3896602758730712
AOI-0039,2023-10-11,0.4049413548564366
AOI-0039,2023-10-15,0.42809149835252563
AOI-0039,2023-10-29,0.44602158289374794
AOI-0039,2024-04-08,0.4206506356974959
AOI-0039,2024-05-23,0.5767536717302453
AOI-0039,2024-06-09,0.48904772296577326
AOI-0039,2024-06-19,0.4786771554040207
AOI-0039,2024-07-15,0.3591237626200541
AOI-0039,2024-07-21,0.3839992765013715
AOI-0039,2024-08-21,0.3076611471593577
AOI-0039,2024-08-31,0.30060594257541423
AOI-0039,2024-09-13,0.292997184653254
AOI-0039,2024-09-18,0.29764069210617855
AOI-0039,2024-10-30,0.22067753234878548
AOI-0042,2010-06-04,0.17684132848045722
AOI-0042,2010-06-05,0.16411063450159247
AOI-0042,2010-07-15,0.1564784879416554
AOI-0042,2010-08-15,0.14342012270848029
AOI-0042,2010-08-31,0.1394820573978337
AOI-0042,2010-10-16,0.2133399828186678
AOI-0042,2011-05-14,0.49652445062896766
AOI-0042,2011-05-30,0.6582873203708451
AOI-0042,2011-07-02,0.24749622197237117
AOI-0042,2011-07-28,0.22606445420216878
AOI-0042,2011-08-13,0.23038228214441717
AOI-0042,2011-08-29,0.27193755846860884
AOI-0042,2011-09-27,0.29305752655271017
AOI-0042,2011-10-16,0.3888506810057635
AOI-0042,2012-06-25,0.25569261567221274
AOI-0042,2012-07-20,0.22796728378351813
AOI-0042,2012-08-28,0.2541993120288435
AOI-0042,2013-04-26,0.16692676148560145
AOI-0042,2013-05-11,0.23528642990456947
AOI-0042,2013-06-13,0.40354183052326603
AOI-0042,2013-09-08,0.35993562591493083
AOI-0042,2014-04-05,0.25631372374019307
AOI-0042,2014-06-16,0.269754531213451
AOI-0042,2014-10-16,0.17823830107774066
AOI-0042,2015-07-13,0.16723020868040597
AOI-0042,2015-08-29,0.16774399770183504
AOI-0042,2015-09-06,0.14186151773940048
AOI-0042,2015-09-23,0.20702810579472797
AOI-0042,2015-10-16,0.25439587726870255
AOI-0042,2016-06-21,0.2528067238101986
AOI-0042,2016-07-15,0.16619722929859848
AOI-0042,2016-08-16,0.1804717978315006
AOI-0042,2017-04-13,0.1499483712053913
AOI-0042,2017-04-28,0.16773567707740925
AOI-0042,2017-05-07,0.1918220283480434
AOI-0042,2017-05-23,0.20595109248547364
AOI-0042,2017-06-07,0.18237102393920016
AOI-0042,2017-06-08,0.18257442834635348
AOI-0042,2017-07-25,0.1337270481420316
AOI-0042,2017-07-26,0.18973746589394933
AOI-0042,2017-08-03,0.14456157058744615
AOI-0042,2017-08-06,0.13174152222560748
AOI-0042,2017-08-13,0.17326073460940328
AOI-0042,2017-08-19,0.15535314884994114
AOI-0042,2017-08-26,0.14830967386577523
AOI-0042,2017-10-05,0.16534569091124987
AOI-0042,2018-05-05,0.6070018326053398
AOI-0042,2018-05-25,0.597558519167261
AOI-0042,2018-06-12,0.30676088243840455
AOI-0042,2018-08-21,0.2116095077935131
AOI-0042,2018-10-01,0.20684506553256854
AOI-0042,2019-04-10,0.1667385196480213
AOI-0042,2019-04-27,0.1788973723521314
AOI-0042,2019-06-21,0.18149567213292148
AOI-0042,2019-06-22,0.11732766336417005
AOI-0042,2019-08-03,0.14386354227626333
AOI-0042,2019-08-16,0.1351023020782649
AOI-0042,2019-08-26,0.13155642785721797
AOI-0042,2019-09-02,0.14717796489707236
AOI-0042,2019-09-10,0.14209682030511642
AOI-0042,2019-09-22,0.1147592078102979
AOI-0042,2019-10-19,0.43751930430614383
AOI-0042,2019-10-20,0.45475109901791017
AOI-0042,2019-10-28,0.501732248366071
AOI-0042,2020-04-06,0.7703863057894242
AOI-0042,2020-05-04,0.7743890277227005
AOI-0042,2020-07-03,0.15691770835628038
AOI-0042,2020-07-25,0.1332742783452802
AOI-0042,2020-08-27,0.1300662767224009
AOI-0042,2020-09-29,0.14099212175724132
AOI-0042,2021-04-07,0.25397918159263405
AOI-0042,2021-04-12,0.15515948440300223
AOI-0042,2021-05-17,0.16209714396399044
AOI-0042,2021-06-23,0.1308274266438124
AOI-0042,2021-07-01,0.12908414932715606
AOI-0042,2021-07-11,0.11856728299481971
AOI-0042,2021-07-13,0.1542728117175939
AOI-0042,2021-07-21,0.13918537679045864
AOI-0042,2021-07-28,0.17669815659378876
AOI-0042,2021-07-31,0.14095578274796147
AOI-0042,2021-08-17,0.14055706111104885
AOI-0042,2021-09-14,0.14230658843978963
AOI-0042,2022-04-12,0.5382092172260998
AOI-0042,2022-04-27,0.7479484061577998
AOI-0042,2022-05-09,0.7812033252245038
AOI-0042,2022-05-14,0.8002786672936768
AOI-0042,2022-05-25,0.7772603023120382
AOI-0042,2022-06-05,0.7804751195853964
AOI-0042,2022-06-21,0.2695181112762072
AOI-0042,2022-07-24,0.14999131231958843
AOI-0042,2022-08-10,0.127114392537921
AOI-0042,2022-08-17,0.11930927108393884
AOI-0042,2022-09-14,0.1634460906627399
AOI-0042,2022-10-19,0.16235664721767906
AOI-0042,2023-04-23,0.21950351607405363
AOI-0042,2023-05-02,0.1746066713170098
AOI-0042,2023-05-19,0.17955125401280936
AOI-0042,2023-06-08,0.19575931700087593
AOI-0042,2023-06-10,0.20625128485583744
AOI-0042,2023-06-21,0.1530135994244238
AOI-0042,2023-06-23,0.15238567694999475
AOI-0042,2023-06-26,0.1435740582110326
AOI-0042,2023-07-03,0.15412669264551299
AOI-0042,2023-07-06,0.12742331813647145
AOI-0042,2023-07-28,0.2016924753666424
AOI-0042,2023-08-07,0.1353458688104677
AOI-0042,2023-08-08,0.15804150596313896
AOI-0042,2023-08-15,0.13537422670444488
AOI-0042,2023-08-20,0.13737516538178038
AOI-0042,2023-09-01,0.12736150487146533
AOI-0042,2023-10-01,0.15580938286850446
AOI-0042,2023-10-09,0.22350022342995626
AOI-0042,2023-10-30,0.37945117631998077
AOI-0042,2024-05-17,0.7721938292870201
AOI-0042,2024-05-23,0.727244794823271
AOI-0042,2024-06-11,0.31411972492688073
AOI-0042,2024-06-18,0.25523803275390833
AOI-0042,2024-06-19,0.24406911649281046
AOI-0042,2024-07-02,0.17773220595053044
AOI-0042,2024-07-20,0.11784785979846168
AOI-0042,2024-07-29,0.1745605708714593
AOI-0042,2024-07-30,0.12952716340493983
AOI-0042,2024-08-12,0.15089693213083907
AOI-0042,2024-08-13,0.16220448737308588
AOI-0042,2024-08-16,0.13457178638686854
AOI-0042,2024-08-19,0.1339850681978002
AOI-0042,2024-08-21,0.1313148091531727
AOI-0042,2024-08-31,0.12974401681196673
AOI-0042,2024-09-15,0.1406278413471285
AOI-0042,2024-09-23,0.1419238048156387
AOI-0042,2024-09-25,0.1471560760183923
AOI-0042,2024-09-30,0.1327962690774541
AOI-0042,2024-10-01,0.15515874086900214
AOI-0042,2024-10-13,0.11815343072811067
AOI-0042,2024-10-30,0.13572932936052562
AOI-0047,2010-04-24,0.20397170619666816
AOI-0047,2010-05-09,0.27510778319093454
AOI-0047,2010-06-26,0.7910721204758845
AOI-0047,2010-07-21,0.7021887062326463
AOI-0047,2010-07-28,0.6777887091792533
AOI-0047,2011-05-25,0.6709210051023017
AOI-0047,2011-07-16,0.2908369743350607
AOI-0047,2011-08-13,0.21979531967152446
AOI-0047,2011-08-29,0.2405338623357324
AOI-0047,2012-07-02,0.5195384602354243
AOI-0047,2012-07-18,0.3724713359639345
AOI-0047,2012-09-29,0.2297908474694809
AOI-0047,2013-06-11,0.22500891112860646
AOI-0047,2013-07-21,0.2907471948022089
AOI-0047,2014-06-30,0.27268037878748974
AOI-0047,2014-07-12,0.26200869764098766
AOI-0047,2014-07-16,0.252096672347438
AOI-0047,2015-06-01,0.7784025715706444
AOI-0047,2015-07-11,0.36695824256394793
AOI-0047,2015-09-14,0.24325104935139186
AOI-0047,2016-06-25,0.806657956699841
AOI-0047,2016-08-28,0.44273821528604645
AOI-0047,2016-09-13,0.3867277858874176
AOI-0047,2016-10-09,0.30182218803982747
AOI-0047,2017-04-03,0.18892157678561006
AOI-0047,2017-04-07,0.3132433859950215
AOI-0047,2017-04-28,0.3554098401293509
AOI-0047,2017-07-28,0.23771701294234737
AOI-0047,2018-05-09,0.2705506505721411
AOI-0047,2018-06-09,0.18793240839437386
AOI-0047,2018-06-10,0.1714508651432011
AOI-0047,2018-06-15,0.1553538290988368
AOI-0047,2018-07-02,0.1946655982131366
AOI-0047,2018-07-28,0.3118711808873323
AOI-0047,2018-09-29,0.21212012558841822
AOI-0047,2018-10-07,0.18859832577118105
AOI-0047,2019-05-27,0.8767216336756668
AOI-0047,2019-05-28,0.8735480204058232
AOI-0047,2019-06-15,0.5706450927445034
AOI-0047,2019-06-30,0.3044207789113708
AOI-0047,2019-08-19,0.28859843848125105
AOI-0047,2019-08-29,0.30720998138511874
AOI-0047,2019-08-31,0.26083105601510165
AOI-0047,2019-09-14,0.3179421723348688
AOI-0047,2019-09-30,0.391290893169215
AOI-0047,2019-10-13,0.36995319566079815
AOI-0047,2019-10-16,0.4763080657672034
AOI-0047,2020-04-06,0.27081167774808623
AOI-0047,2020-04-30,0.2129519050375078
AOI-0047,2020-06-04,0.19884614930280087
AOI-0047,2020-06-16,0.1829880714631432
AOI-0047,2020-07-16,0.16837578867186032
AOI-0047,2020-08-03,0.1369191687999168
AOI-0047,2020-08-08,0.16649173978228732
AOI-0047,2020-10-05,0.15719624905554816
AOI-0047,2020-10-20,0.2459222115780942
AOI-0047,2020-10-22,0.14415590754593136
AOI-0047,2021-05-16,0.8292715239761262
AOI-0047,2021-05-17,0.7983028437060558
AOI-0047,2021-05-20,0.8475437604351761
AOI-0047,2021-06-09,0.7879626625904613
AOI-0047,2021-07-11,0.25261585526087554
AOI-0047,2021-07-19,0.20140728514010942
AOI-0047,2021-08-30,0.2322819657525608
AOI-0047,2021-09-02,0.17207595656908126
AOI-0047,2021-09-07,0.33078072791804874
AOI-0047,2021-10-16,0.7027801222604456
AOI-0047,2022-04-05,0.2284849275637768
AOI-0047,2022-04-10,0.26393892236806593
AOI-0047,2022-05-30,0.2004476350432024
AOI-0047,2022-06-04,0.1752860674511709
AOI-0047,2022-06-08,0.22768457246859483
AOI-0047,2022-06-11,0.20348720383798402
AOI-0047,2022-06-19,0.2379763625873674
AOI-0047,2022-06-21,0.16638567949125954
AOI-0047,2022-07-14,0.1367111974617901
AOI-0047,2022-07-30,0.23478603269959306
AOI-0047,2022-08-07,0.21760749315496744
AOI-0047,2022-08-08,0.19492742772113347
AOI-0047,2022-08-10,0.15720838391032418
AOI-0047,2022-08-13,0.17317621738961309
AOI-0047,2022-08-30,0.15341408048838034
AOI-0047,2022-09-01,0.15837881984072336
AOI-0047,2022-10-18,0.3995061590148683
AOI-0047,2023-06-16,0.7036864615892187
AOI-0047,2023-07-17,0.17416686083016478
AOI-0047,2023-07-25,0.22834036842145744
AOI-0047,2023-07-26,0.17431967803808843
AOI-0047,2023-08-05,0.15912961314060012
AOI-0047,2023-08-15,0.1511841316177894
AOI-0047,2023-09-17,0.1599017597791436
AOI-0047,2023-09-22,0.1626576966260437
AOI-0047,2023-09-27,0.16961306407698126
AOI-0047,2023-10-04,0.14657154617163656
AOI-0047,2023-10-22,0.16899198985119193
AOI-0047,2024-04-29,0.2046306042005678
AOI-0047,2024-05-04,0.22664261823935794
AOI-0047,2024-05-24,0.20734827404285108
AOI-0047,2024-06-10,0.2367905741556581
AOI-0047,2024-06-25,0.2771505352659511
AOI-0047,2024-07-30,0.20218344605957705
AOI-0047,2024-09-11,0.17589689599121172
AOI-0047,2024-10-08,0.1370159704433941
AOI-0047,2024-10-13,0.1336181081929758
AOI-0047,2024-10-15,0.22630933509195228
AOI-0049,2010-08-04,0.5204105153330403
AOI-0049,2010-08-28,0.19909875015950307
AOI-0049,2010-09-05,0.16854313090577952
AOI-0049,2010-09-30,0.29871211285445626
AOI-0049,2011-04-26,0.4910566476680942
AOI-0049,2011-05-25,0.8646481654290521
AOI-0049,2011-05-27,0.8174793118237164
AOI-0049,2011-06-12,0.7329061731238067
AOI-0049,2011-07-12,0.31725065236398287
AOI-0049,2011-09-08,0.1978868690468832
AOI-0049,2011-09-24,0.2301625899226637
AOI-0049,2011-10-11,0.29568401473899925
AOI-0049,2011-10-27,0.3443753361862907
AOI-0049,2012-05-06,0.228060093294582
AOI-0049,2012-05-08,0.27749192981127346
AOI-0049,2012-09-18,0.28668719200549164
AOI-0049,2012-10-15,0.3580719756540849
AOI-0049,2013-05-25,0.3818184001456642
AOI-0049,2013-06-17,0.5673133391938264
AOI-0049,2013-07-11,0.7228548980307051
AOI-0049,2013-08-05,0.6023517624114361
AOI-0049,2013-08-20,0.42068609207007324
AOI-0049,2013-09-30,0.21494783414428612
AOI-0049,2013-10-24,0.27118430258933507
AOI-0049,2014-04-18,0.7259566582071549
AOI-0049,2014-05-09,0.8581690666728029
AOI-0049,2014-07-12,0.2645294260048224
AOI-0049,2014-09-16,0.2518080822424676
AOI-0049,2015-04-13,0.2384429714275154
AOI-0049,2015-05-22,0.376502191695334
AOI-0049,2015-07-12,0.8178152834716371
AOI-0049,2015-07-25,0.7490451916724149
AOI-0049,2015-07-28,0.7491891615922643
AOI-0049,2015-09-30,0.19211672992841766
AOI-0049,2015-10-30,0.1775981127237055
AOI-0049,2016-04-22,0.8473078364312933
AOI-0049,2016-08-28,0.240991625211067
AOI-0049,2016-09-14,0.29642733168883556
AOI-0049,2016-09-29,0.4953913613201522
AOI-0049,2017-06-21,0.8015910642312286
AOI-0049,2017-07-14,0.7746284386257672
AOI-0049,2017-08-13,0.3833311941911071
AOI-0049,2017-09-13,0.26420274688736434
AOI-0049,2017-09-17,0.2900406996711555
AOI-0049,2018-05-09,0.8337380921818097
AOI-0049,2018-06-16,0.32289648352365347
AOI-0049,2018-06-24,0.23271463704380888
AOI-0049,2018-07-10,0.1368128491198752
AOI-0049,2018-08-02,0.17705729751920174
AOI-0049,2018-08-10,0.176429893949447
AOI-0049,2018-08-27,0.1289520509898269
AOI-0049,2018-09-18,0.1513409885200796
AOI-0049,2018-10-06,0.2106746091818529
AOI-0049,2019-04-21,0.24430351537969716
AOI-0049,2019-07-12,0.7239167646019692
AOI-0049,2019-09-03,0.22425584341096438
AOI-0049,2019-09-23,0.23197439691429936
AOI-0049,2020-04-02,0.5823242877100231
AOI-0049,2020-04-18,0.6820709155214719
AOI-0049,2020-04-25,0.7564688046736063
AOI-0049,2020-04-26,0.7341997718673978
AOI-0049,2020-05-11,0.80583259915488
AOI-0049,2020-05-28,0.793483494178667
AOI-0049,2020-06-05,0.8038307077772558
AOI-0049,2020-07-15,0.18852883904078535
AOI-0049,2020-07-31,0.13009059140790888
AOI-0049,2020-08-13,0.1449422440751668
AOI-0049,2020-08-15,0.14396283299438994
AOI-0049,2020-08-31,0.19375942882548133
AOI-0049,2020-09-02,0.1565402120868464
AOI-0049,2020-09-13,0.24177468851149198
AOI-0049,2020-09-27,0.1308195270536875
AOI-0049,2020-10-07,0.14439338266799254
AOI-0049,2021-04-23,0.31817388201073443
AOI-0049,2021-06-09,0.4510268707141261
AOI-0049,2021-07-18,0.7503158847915127
AOI-0049,2021-07-19,0.7536056199413936
AOI-0049,2021-07-24,0.7563661268470958
AOI-0049,2021-08-08,0.7016515132659836
AOI-0049,2021-09-27,0.17768550513252154
AOI-0049,2021-09-28,0.32547498661140023
AOI-0049,2022-06-24,0.4257974306904479
AOI-0049,2022-07-13,0.26413388958951123
AOI-0049,2022-08-28,0.14722494763370067
AOI-0049,2022-08-30,0.17417406927344511
AOI-0049,2022-09-06,0.17521742194935563
AOI-0049,2022-09-14,0.1937079610589286
AOI-0049,2022-10-08,0.1809766505143985
AOI-0049,2023-06-22,0.5276889046027534
AOI-0049,2023-06-23,0.4619485910828735
AOI-0049,2023-07-15,0.2123091282998689
AOI-0049,2023-07-23,0.198250012249219
AOI-0049,2023-08-08,0.2987469871198884
AOI-0049,2023-08-24,0.41913377552540143
AOI-0049,2023-09-12,0.2620814112665917
AOI-0049,2023-09-14,0.2696353680663805
AOI-0049,2023-09-22,0.22380732731127814
AOI-0049,2023-10-02,0.1774628170895801
AOI-0049,2024-06-23,0.603855838740685
AOI-0049,2024-08-17,0.3371843202078555
AOI-0049,2024-08-28,0.27294507693132836
AOI-0049,2024-09-16,0.1723200412801057
AOI-0049,2024-09-29,0.21190211077044138
AOI-0049,2024-10-01,0.1680239432152705
AOI-0054,2010-07-19,0.7052401891452854
AOI-0054,2010-09-06,0.6216973566015956
AOI-0054,2010-09-30,0.5903180787268968
AOI-0054,2011-04-07,0.44851405211018053
AOI-0054,2011-05-09,0.7511084937080695
AOI-0054,2011-05-25,0.8091011985509104
AOI-0054,2011-05-27,0.7773568719185354
AOI-0054,2011-06-10,0.790758551888927
AOI-0054,2011-06-20,0.7993606532565499
AOI-0054,2011-08-23,0.6408529730413143
AOI-0054,2011-10-16,0.6852240273406259
AOI-0054,2012-07-09,0.740676241490327
AOI-0054,2012-07-16,0.6937728772927384
AOI-0054,2012-08-26,0.6305478434042654
AOI-0054,2012-09-29,0.6467050280482323
AOI-0054,2012-10-20,0.573885913454612
AOI-0054,2013-08-21,0.7145553314260343
AOI-0054,2014-04-07,0.5775046783660315
AOI-0054,2014-05-09,0.809200478458077
AOI-0054,2014-06-28,0.7328515459938066
AOI-0054,2014-07-28,0.7400727879689772
AOI-0054,2014-08-07,0.6911951191526451
AOI-0054,2014-08-08,0.712660656317146
AOI-0054,2014-08-13,0.6891201584310406
AOI-0054,2014-08-15,0.6850868106440572
AOI-0054,2014-10-11,0.5856269627819275
AOI-0054,2015-07-25,0.7421098106255309
AOI-0054,2015-08-26,0.6926271460017626
AOI-0054,2015-08-27,0.7608663038995767
AOI-0054,2015-08-29,0.7105230684363275
AOI-0054,2015-09-20,0.6205750890555679
AOI-0054,2015-10-06,0.575278442665955
AOI-0054,2016-04-30,0.7666527111846285
AOI-0054,2016-07-03,0.7647473435321138
AOI-0054,2016-08-29,0.7702918666597456
AOI-0054,2016-09-29,0.7216316244820432
AOI-0054,2017-05-03,0.7348307349336954
AOI-0054,2017-05-11,0.7883862946862296
AOI-0054,2017-05-19,0.8384744134189845
AOI-0054,2017-05-27,0.8453247681959484
AOI-0054,2017-06-10,0.841627750632307
AOI-0054,2017-07-06,0.8078621597725935
AOI-0054,2017-09-01,0.6774661039881517
AOI-0054,2017-09-18,0.66042610465871
AOI-0054,2017-09-24,0.6494316722612815
AOI-0054,2017-10-11,0.5944690572307428
AOI-0054,2018-04-04,0.3731724703648493
AOI-0054,2018-04-21,0.6384674416148979
AOI-0054,2018-04-28,0.7510309277182459
AOI-0054,2018-04-29,0.7466266395802837
AOI-0054,2018-05-01,0.7552858553195795
AOI-0054,2018-05-11,0.7999654546158362
AOI-0054,2018-06-15,0.7973324566586227
AOI-0054,2018-06-16,0.7842718064434013
AOI-0054,2018-07-09,0.6649417218009731
AOI-0054,2018-09-12,0.6548739217308887
AOI-0054,2018-10-13,0.6228619184659661
AOI-0054,2018-10-29,0.4886045900518847
AOI-0054,2019-04-07,0.6386616528395745
AOI-0054,2019-05-25,0.836299303231172
AOI-0054,2019-05-31,0.8249624685008129
AOI-0054,2019-06-15,0.8349828087382863
AOI-0054,2019-06-18,0.8127686775809218
AOI-0054,2019-06-27,0.7797923657950524
AOI-0054,2019-07-04,0.7896986987250613
AOI-0054,2019-07-05,0.794607061108035
AOI-0054,2019-07-12,0.794124400426457
AOI-0054,2019-07-28,0.8265468620258934
AOI-0054,2019-07-29,0.8012716480734653
AOI-0054,2019-08-14,0.8189930358789743
AOI-0054,2019-08-29,0.7521401559024884
AOI-0054,2019-08-30,0.7516580387447999
AOI-0054,2019-09-15,0.5630375551829926
AOI-0054,2019-10-09,0.656132923468017
AOI-0054,2020-04-02,0.4402774096683186
AOI-0054,2020-04-09,0.43955973456988223
AOI-0054,2020-04-10,0.4538006821970518
AOI-0054,2020-04-22,0.639403703244605
AOI-0054,2020-04-30,0.6437570936026621
AOI-0054,2020-05-11,0.7494610250516099
AOI-0054,2020-05-30,0.770797226529429
AOI-0054,2020-06-28,0.7307275428769114
AOI-0054,2020-08-03,0.751631855353024
AOI-0054,2020-09-07,0.7740620098849907
AOI-0054,2020-09-09,0.782885958260452
AOI-0054,2020-10-17,0.46492106176390013
AOI-0054,2020-10-27,0.3597608157372165
AOI-0054,2021-04-29,0.6475444918241853
AOI-0054,2021-05-09,0.7753186904937257
AOI-0054,2021-05-20,0.756369856705199
AOI-0054,2021-06-16,0.8202582331841181
AOI-0054,2021-07-02,0.7717708570342182
AOI-0054,2021-07-18,0.7313631518028694
AOI-0054,2021-07-24,0.7525237312206569
AOI-0054,2021-09-07,0.7937508557409453
AOI-0054,2021-10-16,0.6208273947281091
AOI-0054,2021-10-22,0.5757951120858956
AOI-0054,2021-10-30,0.549895852117733
AOI-0054,2022-06-03,0.8632619195160665
AOI-0054,2022-06-10,0.8435012840728456
AOI-0054,2022-06-26,0.7912691303329528
AOI-0054,2022-07-12,0.7434269236849049
AOI-0054,2022-07-29,0.7513707374842881
AOI-0054,2022-08-06,0.7587686475364719
AOI-0054,2022-08-18,0.7209144059929143
AOI-0054,2022-08-29,0.6873237061561838
AOI-0054,2023-04-07,0.683658668711644
AOI-0054,2023-04-23,0.781755708559963
AOI-0054,2023-05-28,0.7743376994559535
AOI-0054,2023-06-10,0.7598643420065687
AOI-0054,2023-06-22,0.8452203554844226
AOI-0054,2023-07-07,0.7910301937712667
AOI-0054,2023-09-07,0.7654593500381207
AOI-0054,2023-10-11,0.6627479486923976
AOI-0054,2024-04-04,0.5403444435993602
AOI-0054,2024-05-07,0.8447496218144578
AOI-0054,2024-05-08,0.8439422276522183
AOI-0054,2024-05-22,0.8388338568980629
AOI-0054,2024-05-23,0.8701501463718054
AOI-0054,2024-06-24,0.8059472681430967
AOI-0054,2024-07-13,0.7400772009491283
AOI-0054,2024-07-18,0.7460298426855423
AOI-0054,2024-08-18,0.7669443872402787
AOI-0054,2024-09-16,0.724860648572346
AOI-0054,2024-09-21,0.7200430134577586
AOI-0054,2024-09-29,0.6717020263873392
AOI-0054,2024-10-05,0.6667443323413003
AOI-0054,2024-10-30,0.6362645272224695
AOI-0057,2010-04-15,0.20992560245922665
AOI-0057,2010-04-30,0.28346654388926085
AOI-0057,2010-05-01,0.2721151728910624
AOI-0057,2010-05-08,0.39301102144226646
AOI-0057,2010-06-10,0.6653008018870836
AOI-0057,2010-07-27,0.5880390686461571
AOI-0057,2010-08-05,0.5343765294222141
AOI-0057,2010-09-14,0.32436399732866716
AOI-0057,2011-05-25,0.8742833498766812
AOI-0057,2011-06-10,0.8485056583439526
AOI-0057,2011-06-13,0.8320339533381097
AOI-0057,2011-07-07,0.29183189290570893
AOI-0057,2011-08-08,0.3783604778191468
AOI-0057,2011-09-16,0.2013055055479697
AOI-0057,2011-10-11,0.27153826465634295
AOI-0057,2012-07-16,0.7814102828234595
AOI-0057,2012-09-18,0.22878864113375355
AOI-0057,2013-04-07,0.6769108668916984
AOI-0057,2013-09-14,0.2746163379700127
AOI-0057,2013-09-22,0.3297440238454597
AOI-0057,2014-04-17,0.42377417068286816
AOI-0057,2014-04-18,0.3263326151645756
AOI-0057,2014-04-25,0.6190001120841236
AOI-0057,2014-05-09,0.8073762856182912
AOI-0057,2014-06-05,0.8386712148460894
AOI-0057,2014-07-15,0.2812709446223351
AOI-0057,2014-07-23,0.3079614606380043
AOI-0057,2014-08-16,0.2251356482796376
AOI-0057,2014-08-23,0.20083203787027096
AOI-0057,2014-10-02,0.21155451688263946
AOI-0057,2014-10-11,0.24867933172087767
AOI-0057,2014-10-16,0.2239934169628728
AOI-0057,2015-05-25,0.8699676567266611
AOI-0057,2015-10-30,0.194759701813407
AOI-0057,2016-05-08,0.8918455819816776
AOI-0057,2016-06-26,0.47829893255178596
AOI-0057,2016-07-28,0.3729146904029163
AOI-0057,2016-08-12,0.3875504378826569
AOI-0057,2017-05-04,0.27641274567576285
AOI-0057,2017-05-06,0.3058075749433496
AOI-0057,2017-06-10,0.832942747205346
AOI-0057,2017-07-30,0.8014603616606957
AOI-0057,2017-08-08,0.788183259358538
AOI-0057,2017-09-01,0.500245963779603
AOI-0057,2017-09-14,0.456103836994405
AOI-0057,2017-09-17,0.4222662844944232
AOI-0057,2017-09-25,0.2858804964770007
AOI-0057,2018-04-11,0.6573901816017411
AOI-0057,2018-05-06,0.8755547102591246
AOI-0057,2018-07-18,0.2472093083850079
AOI-0057,2018-08-02,0.2526460887971977
AOI-0057,2018-08-19,0.24352087418681734
AOI-0057,2018-08-26,0.20358913725112537
AOI-0057,2018-10-29,0.19338122146496362
AOI-0057,2019-04-11,0.17412989454621627
AOI-0057,2019-04-21,0.24990189652180161
AOI-0057,2019-05-01,0.2414944533082853
AOI-0057,2019-05-02,0.36305030354325024
AOI-0057,2019-05-06,0.28412770442878227
AOI-0057,2019-07-05,0.7011203738242657
AOI-0057,2019-07-20,0.5745754646543592
AOI-0057,2019-08-05,0.32304942999737546
AOI-0057,2019-08-21,0.1908252578585534
AOI-0057,2019-08-24,0.14835261484778717
AOI-0057,2019-09-23,0.19785432386111493
AOI-0057,2019-10-13,0.181474140904943
AOI-0057,2019-10-25,0.2247476860783776
AOI-0057,2020-04-17,0.19786924466655478
AOI-0057,2020-08-15,0.12407785500422529
AOI-0057,2020-08-23,0.13630643520828806
AOI-0057,2020-09-09,0.18178248774036831
AOI-0057,2020-09-13,0.2406428990579094
AOI-0057,2020-09-25,0.1830574196108561
AOI-0057,2020-09-27,0.131760920720325
AOI-0057,2020-09-29,0.21021644961642458
AOI-0057,2020-10-03,0.1481928722799546
AOI-0057,2021-04-15,0.4284388906521211
AOI-0057,2021-06-19,0.8000913458067926
AOI-0057,2021-08-13,0.2965168255799866
AOI-0057,2021-09-04,0.46272875430450683
AOI-0057,2022-05-27,0.476484660901838
AOI-0057,2022-06-26,0.16266238312805248
AOI-0057,2022-06-29,0.16265364089135576
AOI-0057,2022-07-09,0.19218036132737018
AOI-0057,2022-07-12,0.24112126516001867
AOI-0057,2022-07-28,0.24558623389822065
AOI-0057,2022-08-03,0.15755421360332897
AOI-0057,2022-08-13,0.19741292327151141
AOI-0057,2022-08-18,0.17009146990496737
AOI-0057,2022-09-14,0.20265879035541978
AOI-0057,2022-10-17,0.3230626781738528
AOI-0057,2023-04-26,0.8639311348598717
AOI-0057,2023-05-04,0.8661551671251765
AOI-0057,2023-06-26,0.3689184821041404
AOI-0057,2023-07-12,0.4380139412693453
AOI-0057,2023-07-15,0.3459768680708312
AOI-0057,2023-08-23,0.3657156712598247
AOI-0057,2023-09-10,0.24048622890723595
AOI-0057,2024-05-04,0.43844764562408667
AOI-0057,2024-05-06,0.47064468667238407
AOI-0057,2024-05-07,0.4875705453850394
AOI-0057,2024-05-22,0.6566561710201335
AOI-0057,2024-06-08,0.7754184541377382
AOI-0057,2024-06-16,0.7390680705382096
AOI-0057,2024-06-24,0.6863580881977916
AOI-0057,2024-07-18,0.4271911913415301
AOI-0057,2024-07-28,0.4076895046627187
AOI-0057,2024-09-13,0.2318498858058389
AOI-0066,2010-07-13,0.5983422058350517
AOI-0066,2011-05-25,0.8822606887058123
AOI-0066,2012-04-13,0.4740613138769436
AOI-0066,2012-07-11,0.36648522386154503
AOI-0066,2012-07-27,0.29498818504418184
AOI-0066,2012-09-20,0.23571520445967764
AOI-0066,2012-10-06,0.4289541799217069
AOI-0066,2012-10-22,0.439050489575973
AOI-0066,2013-05-09,0.3402305286135375
AOI-0066,2013-05-25,0.4354241096434408
AOI-0066,2013-06-19,0.5955709819301697
AOI-0066,2013-09-23,0.2578257968697444
AOI-0066,2013-10-09,0.2478864086906479
AOI-0066,2014-04-03,0.6286275726831382
AOI-0066,2014-10-04,0.4326473002003682
AOI-0066,2015-04-06,0.7607740723394188
AOI-0066,2015-06-01,0.8190587362389472
AOI-0066,2015-07-27,0.26508881185577676
AOI-0066,2015-07-28,0.3032195469824119
AOI-0066,2015-09-29,0.2343905763236076
AOI-0066,2016-05-08,0.8751062052788713
AOI-0066,2016-06-03,0.7333913140406784
AOI-0066,2016-06-19,0.5092607708015794
AOI-0066,2016-06-27,0.2738392347100596
AOI-0066,2016-07-11,0.27170475653351295
AOI-0066,2016-08-12,0.3243098537610157
AOI-0066,2016-08-22,0.26920179212544876
AOI-0066,2017-05-09,0.8666089187203484
AOI-0066,2017-06-10,0.848659525176255
AOI-0066,2017-08-13,0.20015515231081396
AOI-0066,2017-08-21,0.1474800867938764
AOI-0066,2018-05-09,0.3591380944472326
AOI-0066,2018-06-01,0.7675393016379894
AOI-0066,2018-07-02,0.7485590535615518
AOI-0066,2018-09-05,0.21241749849966288
AOI-0066,2018-10-08,0.18555856921151204
AOI-0066,2018-10-13,0.20092279370557306
AOI-0066,2019-04-07,0.7455708317545007
AOI-0066,2019-04-28,0.7938265907051058
AOI-0066,2019-05-11,0.7439847543512222
AOI-0066,2019-06-20,0.3041946542352655
AOI-0066,2019-07-02,0.2065660808424724
AOI-0066,2019-07-14,0.20780075086612512
AOI-0066,2019-08-11,0.2015395677521985
AOI-0066,2019-08-29,0.19215367749021298
AOI-0066,2019-10-15,0.6013060023956576
AOI-0066,2019-10-18,0.5779673238676024
AOI-0066,2020-05-08,0.7559396654153171
AOI-0066,2020-05-24,0.7525090927044875
AOI-0066,2020-05-30,0.6154142440442677
AOI-0066,2020-06-11,0.44634745277820853
AOI-0066,2020-07-11,0.20341087676609462
AOI-0066,2020-07-27,0.2347720309572603
AOI-0066,2020-08-09,0.18538087329075523
AOI-0066,2020-08-15,0.15600157587233937
AOI-0066,2020-09-07,0.13357196962553206
AOI-0066,2021-05-12,0.22287214308277606
AOI-0066,2021-08-05,0.6658033439947922
AOI-0066,2021-08-20,0.36322218820036567
AOI-0066,2021-08-23,0.3255889078563758
AOI-0066,2021-09-27,0.17321405307393556
AOI-0066,2021-10-16,0.23364209935131822
AOI-0066,2021-10-27,0.19885994195380377
AOI-0066,2022-04-23,0.7666462270096649
AOI-0066,2022-04-25,0.8012991576575819
AOI-0066,2022-05-30,0.8870599770910572
AOI-0066,2022-06-04,0.8393844983515667
AOI-0066,2022-07-12,0.22593855575826793
AOI-0066,2022-07-21,0.17014379437543295
AOI-0066,2022-07-22,0.21515963729928136
AOI-0066,2022-08-23,0.17096492795433385
AOI-0066,2022-09-08,0.18041582625633631
AOI-0066,2022-09-09,0.1453212481519981
AOI-0066,2022-09-18,0.17275923523532988
AOI-0066,2022-09-27,0.19153568861734563
AOI-0066,2022-09-29,0.17635591704912848
AOI-0066,2022-10-02,0.178885875323853
AOI-0066,2022-10-07,0.19298818664369766
AOI-0066,2022-10-18,0.24805381722397157
AOI-0066,2022-10-22,0.1561375291175862
AOI-0066,2023-04-04,0.20319720556292079
AOI-0066,2023-04-07,0.27291488561504457
AOI-0066,2023-05-15,0.7977468535055895
AOI-0066,2023-06-07,0.866594337181675
AOI-0066,2023-06-10,0.77926828877345
AOI-0066,2023-06-11,0.7548822403367872
AOI-0066,2023-06-26,0.3617912489086584
AOI-0066,2023-07-04,0.22040386166849946
AOI-0066,2023-07-26,0.3300739939332429
AOI-0066,2023-08-08,0.25742446849784745
AOI-0066,2023-08-10,0.22916827949299434
AOI-0066,2023-08-13,0.22979030368963374
AOI-0066,2023-08-23,0.1541348348061207
AOI-0066,2023-09-07,0.12860676443892935
AOI-0066,2023-09-30,0.23725852598429228
AOI-0066,2023-10-13,0.19674103047174296
AOI-0066,2023-10-16,0.26245176356069283
AOI-0066,2024-04-06,0.7812292595687697
AOI-0066,2024-05-21,0.8689715602177425
AOI-0066,2024-06-17,0.430738201651989
AOI-0066,2024-06-23,0.26513028499989066
AOI-0066,2024-06-28,0.21977600435228525
AOI-0066,2024-07-05,0.16256629450099977
AOI-0066,2024-07-19,0.1811626471327997
AOI-0066,2024-08-09,0.15496485264639637
AOI-0066,2024-09-26,0.14194028768471456
AOI-0072,2010-04-07,0.3481743074377497
AOI-0072,2010-08-13,0.2499094307927733
AOI-0072,2010-08-15,0.20354473901168857
AOI-0072,2010-08-23,0.21074619274121761
AOI-0072,2010-08-30,0.19189717528360925
AOI-0072,2011-04-07,0.32672325363304044
AOI-0072,2011-05-05,0.23508545644110254
AOI-0072,2011-07-12,0.19676593507725662
AOI-0072,2011-07-24,0.16298545096471592
AOI-0072,2011-08-01,0.20118727098171463
AOI-0072,2011-09-03,0.17148629967340664
AOI-0072,2012-04-06,0.6163636713388269
AOI-0072,2012-10-15,0.18510090478724273
AOI-0072,2013-04-16,0.16328343018696875
AOI-0072,2013-05-02,0.17628285152218778
AOI-0072,2013-05-19,0.24283586309858674
AOI-0072,2013-07-29,0.2614478679138631
AOI-0072,2013-10-16,0.26412300583104936
AOI-0072,2014-04-23,0.667701705194315
AOI-0072,2014-06-30,0.24470480539160566
AOI-0072,2014-07-17,0.24194800875788589
AOI-0072,2014-07-24,0.2146023301144023
AOI-0072,2014-08-17,0.2600773286907067
AOI-0072,2014-08-29,0.2981992144441927
AOI-0072,2014-09-03,0.25626956031982545
AOI-0072,2014-09-26,0.26040629563109624
AOI-0072,2014-10-28,0.21353285892935028
AOI-0072,2014-10-29,0.23317283869084485
AOI-0072,2015-04-07,0.26640656173680755
AOI-0072,2015-04-23,0.2904776046572249
AOI-0072,2015-08-04,0.1786631348324099
AOI-0072,2016-04-06,0.7706515520130884
AOI-0072,2016-04-09,0.7839388327998589
AOI-0072,2016-04-17,0.8331805796105066
AOI-0072,2016-05-26,0.7589844165592883
AOI-0072,2016-06-27,0.22482902367735433
AOI-0072,2016-07-13,0.23285981507058232
AOI-0072,2016-08-22,0.2858602961233874
AOI-0072,2016-09-29,0.3091455818178253
AOI-0072,2017-04-03,0.18670300899841516
AOI-0072,2017-04-23,0.3103293386159056
AOI-0072,2017-05-29,0.2218083154697679
AOI-0072,2017-05-30,0.21342204855315886
AOI-0072,2017-07-12,0.17909705324543582
AOI-0072,2017-07-24,0.18970949480440366
AOI-0072,2017-07-25,0.1820355356363641
AOI-0072,2017-08-06,0.1454200811168542
AOI-0072,2017-08-29,0.162712037729043
AOI-0072,2017-09-03,0.18648433241450757
AOI-0072,2017-09-20,0.29494933268881524
AOI-0072,2017-09-26,0.41792338334845097
AOI-0072,2017-10-12,0.5011108785794737
AOI-0072,2018-04-07,0.5923672826707383
AOI-0072,2018-04-15,0.6129239787689856
AOI-0072,2018-05-01,0.7585023089005335
AOI-0072,2018-05-03,0.7528030314046146
AOI-0072,2018-06-07,0.3896711035101819
AOI-0072,2018-08-05,0.19869869812209862
AOI-0072,2018-08-28,0.1756613098897387
AOI-0072,2018-09-06,0.187584415007104
AOI-0072,2018-09-22,0.18377959411162395
AOI-0072,2019-04-25,0.17314505808906056
AOI-0072,2019-04-26,0.16438545524312606
AOI-0072,2019-05-04,0.211197515389323
AOI-0072,2019-05-28,0.1977975679472086
AOI-0072,2019-06-12,0.18904924631423645
AOI-0072,2019-07-14,0.17972399692044763
AOI-0072,2019-07-17,0.13343156317275143
AOI-0072,2019-08-06,0.1047166306971727
AOI-0072,2019-08-16,0.1455012011593797
AOI-0072,2019-09-09,0.18936337918298765
AOI-0072,2019-09-14,0.25899574190431546
AOI-0072,2019-09-17,0.18112089162999936
AOI-0072,2019-09-30,0.4771843511432114
AOI-0072,2019-10-15,0.6342016374307927
AOI-0072,2019-10-20,0.6657925971366621
AOI-0072,2019-10-27,0.6048860755306404
AOI-0072,2020-04-06,0.6840510419656592
AOI-0072,2020-04-27,0.5337372351360309
AOI-0072,2020-05-08,0.7607024956555056
AOI-0072,2020-05-24,0.7818616483058834
AOI-0072,2020-06-30,0.2619881058202507
AOI-0072,2020-09-19,0.10643243023222661
AOI-0072,2020-09-24,0.11678332248189432
AOI-0072,2020-09-26,0.11869140450773175
AOI-0072,2020-10-05,0.12822558309154888
AOI-0072,2020-10-14,0.11915402654894618
AOI-0072,2020-10-21,0.13288220176896212
AOI-0072,2021-04-22,0.16090763385519294
AOI-0072,2021-07-11,0.16749158446099313
AOI-0072,2021-08-29,0.33302585029878745
AOI-0072,2022-04-10,0.2081277718942097
AOI-0072,2022-04-26,0.2792206822611429
AOI-0072,2022-06-29,0.14843823222333827
AOI-0072,2022-07-15,0.17092655614578464
AOI-0072,2022-08-23,0.14894859563754523
AOI-0072,2022-08-27,0.14439933528631366
AOI-0072,2023-04-29,0.7926328612899942
AOI-0072,2023-06-25,0.3160383446926828
AOI-0072,2023-07-21,0.18806837229727233
AOI-0072,2023-07-22,0.20984726255180097
AOI-0072,2023-07-26,0.18471019258684937
AOI-0072,2023-08-02,0.22606902446670243
AOI-0072,2023-08-03,0.17385960575004603
AOI-0072,2023-08-05,0.1939002842631181
AOI-0072,2023-08-13,0.23061829215718266
AOI-0072,2023-08-23,0.24213247557540277
AOI-0072,2023-09-19,0.23074244681529318
AOI-0072,2023-10-29,0.24208865208832178
AOI-0072,2024-04-01,0.18171370977509937
AOI-0072,2024-05-09,0.18250768802530612
AOI-0072,2024-05-21,0.19142739551414567
AOI-0072,2024-06-09,0.2273501229718767
AOI-0072,2024-06-30,0.16479701388280235
AOI-0072,2024-07-11,0.1785950690989532
AOI-0072,2024-07-25,0.1781832183844346
AOI-0072,2024-08-20,0.17751122773588743
AOI-0072,2024-09-08,0.15561961163582072
AOI-0072,2024-09-22,0.176547442610558
AOI-0072,2024-09-30,0.1314617516642392
AOI-0078,2010-04-15,0.1953211329893977
AOI-0078,2010-05-01,0.28299452259415164
AOI-0078,2010-06-09,0.6057473825453155
AOI-0078,2010-07-04,0.44281744962328545
AOI-0078,2011-04-01,0.1730162235467092
AOI-0078,2011-07-06,0.7541712762541352
AOI-0078,2011-08-08,0.6311281249721885
AOI-0078,2011-08-13,0.6337548895146147
AOI-0078,2011-09-14,0.48948483699423706
AOI-0078,2011-09-17,0.3925040833074371
AOI-0078,2011-09-24,0.4250481159493802
AOI-0078,2012-06-07,0.7114895204083637
AOI-0078,2012-09-27,0.3043015175847314
AOI-0078,2012-10-04,0.30561840744401136
AOI-0078,2013-04-03,0.24216149593850575
AOI-0078,2013-07-11,0.40795530780508815
AOI-0078,2013-07-28,0.4499274758249842
AOI-0078,2013-08-29,0.3543570630798525
AOI-0078,2013-10-16,0.35038599796803344
AOI-0078,2014-06-26,0.8564320769053988
AOI-0078,2014-07-31,0.6352787153721787
AOI-0078,2015-07-01,0.4112374542631361
AOI-0078,2015-09-11,0.2173399921953739
AOI-0078,2016-04-22,0.25588977075448593
AOI-0078,2016-07-04,0.8048476065030873
AOI-0078,2016-09-22,0.7286981609230764
AOI-0078,2016-10-24,0.2791272619134635
AOI-0078,2017-04-29,0.22718445467920564
AOI-0078,2017-05-03,0.25754409358340974
AOI-0078,2017-05-06,0.22010133918837185
AOI-0078,2017-05-09,0.4924776965520706
AOI-0078,2017-09-30,0.28287548722554545
AOI-0078,2018-06-07,0.7586000432020636
AOI-0078,2018-06-18,0.5881814905271097
AOI-0078,2018-07-10,0.24454913652897056
AOI-0078,2018-08-10,0.3992740214855299
AOI-0078,2018-09-12,0.2336925546784457
AOI-0078,2018-09-28,0.22884271166419015
AOI-0078,2018-10-01,0.2610263530323511
AOI-0078,2018-10-14,0.20522228073754237
AOI-0078,2019-04-07,0.2902111519109734
AOI-0078,2019-04-23,0.2222320149713153
AOI-0078,2019-05-06,0.198765557273476
AOI-0078,2019-05-16,0.2507437659191227
AOI-0078,2019-05-24,0.33328246351011576
AOI-0078,2019-06-02,0.4760839744273182
AOI-0078,2019-06-10,0.6643322002030998
AOI-0078,2019-06-13,0.592669191106532
AOI-0078,2019-06-25,0.6465158303125981
AOI-0078,2019-07-04,0.6297658861609672
AOI-0078,2019-07-23,0.7025026221921786
AOI-0078,2019-07-28,0.7939498281429875
AOI-0078,2019-08-07,0.809992005352491
AOI-0078,2019-08-09,0.8139726239450114
AOI-0078,2019-08-21,0.8604311032179582
AOI-0078,2019-08-29,0.870920808396399
AOI-0078,2019-09-13,0.7823862258156922
AOI-0078,2019-09-28,0.418744702917416
AOI-0078,2019-10-16,0.38488357724027294
AOI-0078,2020-04-05,0.20582248995447783
AOI-0078,2020-04-06,0.28881003980494674
AOI-0078,2020-04-23,0.42663355889206583
AOI-0078,2020-05-19,0.8150025521025436
AOI-0078,2020-06-12,0.8052140528525626
AOI-0078,2020-06-28,0.3777111717479951
AOI-0078,2020-07-24,0.19129852930752858
AOI-0078,2020-08-06,0.1960161261690517
AOI-0078,2020-08-08,0.17489677589125407
AOI-0078,2020-08-12,0.2755049421483563
AOI-0078,2020-09-08,0.14223386600589596
AOI-0078,2020-09-15,0.1424333051036335
AOI-0078,2020-09-24,0.12956964110706193
AOI-0078,2020-09-25,0.17011656866875646
AOI-0078,2020-10-15,0.20866801594531434
AOI-0078,2020-10-22,0.1271559151450803
AOI-0078,2020-10-26,0.10737768299357431
AOI-0078,2021-04-10,0.14672646834847994
AOI-0078,2021-05-14,0.32490490673626987
AOI-0078,2021-05-15,0.2859778574080982
AOI-0078,2021-05-25,0.42606071369727916
AOI-0078,2021-06-17,0.7460307337821229
AOI-0078,2021-06-22,0.7427527611942083
AOI-0078,2021-06-23,0.791171206496453
AOI-0078,2021-06-26,0.7240210736029341
AOI-0078,2021-07-09,0.605441465892369
AOI-0078,2021-08-01,0.494042280098095
AOI-0078,2021-08-21,0.5166130757480462
AOI-0078,2021-08-29,0.6003796777576232
AOI-0078,2021-09-03,0.4993834315954085
AOI-0078,2021-09-15,0.5311365511709726
AOI-0078,2021-10-27,0.29958650862764663
AOI-0078,2021-10-30,0.3292818323257778
AOI-0078,2022-04-07,0.28726952299708103
AOI-0078,2022-05-03,0.6379227715561724
AOI-0078,2022-06-19,0.7345264617144688
AOI-0078,2022-06-27,0.5437989247252122
AOI-0078,2022-07-17,0.22554131998752344
AOI-0078,2022-07-24,0.1888398554952516
AOI-0078,2022-08-01,0.21514224182976527
AOI-0078,2022-09-17,0.20146493997848933
AOI-0078,2022-09-20,0.24168104572645766
AOI-0078,2022-10-01,0.3676594298752891
AOI-0078,2022-10-08,0.3958692272531401
AOI-0078,2022-10-15,0.46312937325345666
AOI-0078,2023-05-12,0.8480756737290317
AOI-0078,2023-06-02,0.8288345243698475
AOI-0078,2023-07-02,0.5593201147903769
AOI-0078,2023-07-31,0.1782192509153425
AOI-0078,2023-08-03,0.1440695151537953
AOI-0078,2023-08-29,0.2608265479780329
AOI-0078,2023-09-29,0.12427196465220818
AOI-0078,2023-10-03,0.13956186709560256
AOI-0078,2024-04-04,0.19486953226660972
AOI-0078,2024-04-13,0.235741611610782
AOI-0078,2024-04-14,0.24013521776105828
AOI-0078,2024-04-22,0.39111022118312605
AOI-0078,2024-05-04,0.4299405674809776
AOI-0078,2024-05-06,0.45586611015751294
AOI-0078,2024-05-17,0.5989753010647894
AOI-0078,2024-05-19,0.4866273730405821
AOI-0078,2024-05-29,0.5973679819852881
AOI-0078,2024-06-09,0.575371923449606
AOI-0078,2024-06-25,0.3024166379543323
AOI-0078,2024-07-08,0.24624142832982418
AOI-0078,2024-07-13,0.21570262099376714
AOI-0078,2024-07-17,0.20980172526716254
AOI-0078,2024-07-25,0.24390827603618093
AOI-0078,2024-08-18,0.211713137713106
AOI-0078,2024-08-26,0.19212281039706247
AOI-0078,2024-09-21,0.18585462798112587
AOI-0078,2024-10-22,0.22166096342669658
AOI-0078,2024-10-30,0.21808837760480015
