anon_polygon_id,date,primary_ndvi_pred
AOI-0005,2010-05-02,0.2747216710104482
AOI-0005,2010-07-28,0.3162123144597544
AOI-0005,2010-08-05,0.26091721960688985
AOI-0005,2010-08-29,0.28889916211569955
AOI-0005,2010-08-30,0.2553205879826191
AOI-0005,2010-09-06,0.23259451640686962
AOI-0005,2011-04-02,0.25715546915456894
AOI-0005,2011-06-06,0.7568655711182355
AOI-0005,2011-06-26,0.5634271237409654
AOI-0005,2011-09-02,0.4089289406720489
AOI-0005,2012-04-04,0.20325087709912534
AOI-0005,2012-04-29,0.5437455210228147
AOI-0005,2012-05-06,0.6326867526469195
AOI-0005,2012-05-31,0.8383072489836069
AOI-0005,2012-08-10,0.1605607446781951
AOI-0005,2012-08-12,0.2608144376916573
AOI-0005,2013-06-26,0.3387666567499743
AOI-0005,2013-07-12,0.2649482027956099
AOI-0005,2013-08-21,0.45744921658500803
AOI-0005,2013-08-29,0.42435473883054164
AOI-0005,2014-04-18,0.44003629020674423
AOI-0005,2014-04-27,0.5498138480326973
AOI-0005,2014-05-04,0.6578179938688016
AOI-0005,2014-05-09,0.7421923617273107
AOI-0005,2014-06-10,0.5706446574253452
AOI-0005,2014-07-28,0.49604575969588655
AOI-0005,2014-10-03,0.22988204396713788
AOI-0005,2015-05-23,0.7539307728380594
AOI-0005,2015-06-10,0.7788397334023568
AOI-0005,2015-10-06,0.22013934142351022
AOI-0005,2016-04-22,0.6481358404747841
AOI-0005,2016-05-08,0.767247855872742
AOI-0005,2016-09-13,0.3829144227474847
AOI-0005,2017-04-11,0.19914107381334709
AOI-0005,2017-04-23,0.5362332470537283
AOI-0005,2017-04-26,0.35509320713025
AOI-0005,2017-07-23,0.4992670601142587
AOI-0005,2017-09-25,0.5072157941332778
AOI-0005,2017-10-04,0.4582356708611741
AOI-0005,2018-05-01,0.5823004044015235
AOI-0005,2018-05-16,0.6683662451781216
AOI-0005,2018-06-01,0.6379931102805004
AOI-0005,2018-07-10,0.347094599384975
AOI-0005,2018-08-27,0.3895124711429378
AOI-0005,2018-09-30,0.40541853553767887
AOI-0005,2019-04-26,0.5942957073562666
AOI-0005,2019-05-11,0.749329447857884
AOI-0005,2019-05-18,0.7867168789470544
AOI-0005,2019-05-21,0.7773481753797153
AOI-0005,2019-06-11,0.6828274853550849
AOI-0005,2019-06-25,0.5083739189404496
AOI-0005,2019-07-12,0.5441714280722374
AOI-0005,2019-08-23,0.27417440986417285
AOI-0005,2019-08-24,0.28516884588069774
AOI-0005,2019-09-03,0.33065379962126695
AOI-0005,2019-09-07,0.42893924003804434
AOI-0005,2019-09-08,0.3330671422406694
AOI-0005,2019-09-15,0.3270273904292235
AOI-0005,2020-04-22,0.41195266457574964
AOI-0005,2020-05-08,0.7157919965149306
AOI-0005,2020-08-16,0.48967538405345046
AOI-0005,2020-08-23,0.37674240026663625
AOI-0005,2020-08-24,0.4729494705459009
AOI-0005,2020-09-02,0.37813970303033956
AOI-0005,2020-09-17,0.3189116186649165
AOI-0005,2020-09-29,0.32302636069852275
AOI-0005,2021-04-21,0.5349522933985993
AOI-0005,2021-07-12,0.5258959860421182
AOI-0005,2021-08-29,0.44590768086009647
AOI-0005,2021-09-04,0.37440298726850263
AOI-0005,2021-09-30,0.40870719318017595
AOI-0005,2021-10-14,0.3476371020286527
AOI-0005,2022-05-09,0.7791096748796978
AOI-0005,2022-05-30,0.8041193821539275
AOI-0005,2022-07-19,0.46132138868160677
AOI-0005,2022-07-21,0.4943547223894474
AOI-0005,2022-07-28,0.5432113742420545
AOI-0005,2022-08-03,0.43090329413510664
AOI-0005,2022-08-14,0.5029453428669192
AOI-0005,2022-08-28,0.38475785993636547
AOI-0005,2022-10-01,0.421523324352476
AOI-0005,2023-07-14,0.5936758559007496
AOI-0005,2023-07-29,0.5411253481906423
AOI-0005,2023-08-08,0.516132979863536
AOI-0005,2023-08-29,0.41512723219981645
AOI-0005,2023-09-12,0.37849275238831387
AOI-0005,2023-09-14,0.369657737776898
AOI-0005,2023-09-26,0.368780823886849
AOI-0005,2023-10-17,0.2031343181506837
AOI-0005,2024-05-31,0.7016501499435699
AOI-0005,2024-06-03,0.6486496669800028
AOI-0005,2024-07-28,0.43139420204814083
AOI-0005,2024-08-22,0.3069828177364951
AOI-0005,2024-08-28,0.3616177543694299
AOI-0005,2024-09-16,0.31125954292781266
AOI-0006,2010-04-15,0.4667613755901081
AOI-0006,2010-05-09,0.8257279389702911
AOI-0006,2010-07-13,0.31445745278215964
AOI-0006,2010-07-28,0.28665772793740024
AOI-0006,2010-07-29,0.2591585813861538
AOI-0006,2010-08-05,0.23000143561012729
AOI-0006,2011-04-02,0.16689813777898926
AOI-0006,2011-04-19,0.18381827408847548
AOI-0006,2011-05-21,0.2315459413304011
AOI-0006,2011-07-16,0.7222131283457994
AOI-0006,2011-08-08,0.4577612758632244
AOI-0006,2011-08-09,0.4261421262411523
AOI-0006,2011-10-16,0.3352885363136154
AOI-0006,2012-04-22,0.8047246645126016
AOI-0006,2012-06-09,0.6226393945990663
AOI-0006,2012-10-15,0.3419197516228879
AOI-0006,2013-07-21,0.7395227822902197
AOI-0006,2013-08-21,0.3667827086218399
AOI-0006,2013-10-24,0.30419673305049516
AOI-0006,2014-04-07,0.7183988379009717
AOI-0006,2014-06-13,0.4737767784547733
AOI-0006,2014-06-26,0.3432533455160197
AOI-0006,2014-07-31,0.15914254840635275
AOI-0006,2014-08-29,0.1961518568441678
AOI-0006,2015-06-09,0.8377909107187471
AOI-0006,2015-07-26,0.3491704569615375
AOI-0006,2015-08-03,0.2671180306612795
AOI-0006,2015-08-11,0.29335682552099845
AOI-0006,2015-08-12,0.23825939444116662
AOI-0006,2015-10-16,0.23757189593076491
AOI-0006,2016-04-22,0.45938290801248916
AOI-0006,2016-04-23,0.3270827737101975
AOI-0006,2016-05-08,0.4815821313184394
AOI-0006,2017-04-23,0.3902739245936048
AOI-0006,2017-05-09,0.539155325174082
AOI-0006,2017-07-25,0.7491916033906555
AOI-0006,2017-09-01,0.31878373528611875
AOI-0006,2017-09-14,0.3289741034370139
AOI-0006,2017-10-04,0.19373208463043645
AOI-0006,2018-06-08,0.47299994920004257
AOI-0006,2018-08-13,0.5246477074509803
AOI-0006,2018-09-20,0.2716542859940937
AOI-0006,2018-10-16,0.2840625779314842
AOI-0006,2019-04-21,0.826902436133259
AOI-0006,2019-04-23,0.8442278673290549
AOI-0006,2019-05-21,0.8692093057143967
AOI-0006,2019-06-27,0.24379749602908385
AOI-0006,2019-08-22,0.2333568731540662
AOI-0006,2019-09-03,0.15338569224329587
AOI-0006,2020-04-06,0.29832064783753054
AOI-0006,2020-04-30,0.2006196779532296
AOI-0006,2020-05-20,0.24522639457787443
AOI-0006,2020-06-05,0.6918114403014356
AOI-0006,2020-08-03,0.5189029488281234
AOI-0006,2020-09-01,0.3574179798848152
AOI-0006,2021-04-06,0.2672290056224246
AOI-0006,2021-05-20,0.8747980184316618
AOI-0006,2021-06-16,0.7659912849999575
AOI-0006,2021-08-29,0.2635390902421166
AOI-0006,2021-10-02,0.21541676463164802
AOI-0006,2022-04-24,0.8138122264056795
AOI-0006,2022-06-10,0.7945248141362249
AOI-0006,2022-08-23,0.17792597818470915
AOI-0006,2022-09-17,0.1467531856266572
AOI-0006,2022-09-30,0.25987209618991386
AOI-0006,2022-10-02,0.15512076757650722
AOI-0006,2022-10-12,0.1713249367474523
AOI-0006,2023-04-10,0.27347991599636484
AOI-0006,2023-04-23,0.5052428006072897
AOI-0006,2023-05-06,0.2713247852356359
AOI-0006,2023-05-13,0.29508759553790825
AOI-0006,2023-06-10,0.5501549364412364
AOI-0006,2023-06-15,0.5696435230807887
AOI-0006,2023-07-16,0.7945264353684355
AOI-0006,2023-08-28,0.5097185914376446
AOI-0006,2023-09-02,0.41071916031122485
AOI-0006,2023-09-14,0.41658405031261575
AOI-0006,2023-09-18,0.40445631396095044
AOI-0006,2023-09-26,0.3137731810134008
AOI-0006,2023-10-02,0.2007367897901907
AOI-0006,2023-10-16,0.24731741259948647
AOI-0006,2023-10-17,0.13833628528102931
AOI-0006,2024-06-03,0.7024820751345479
AOI-0006,2024-06-24,0.31492479711769134
AOI-0006,2024-07-03,0.22277795813812687
AOI-0006,2024-07-13,0.20357023787700637
AOI-0006,2024-09-28,0.18290273732604037
AOI-0006,2024-10-06,0.15558235571066306
AOI-0006,2024-10-26,0.16756575455304004
AOI-0009,2010-04-07,0.511629048906566
AOI-0009,2010-05-18,0.667100739235183
AOI-0009,2010-06-10,0.48549458729014555
AOI-0009,2010-09-14,0.2942641272501169
AOI-0009,2010-09-30,0.27682298402577754
AOI-0009,2011-05-25,0.5349764071026656
AOI-0009,2011-07-12,0.6736790959656347
AOI-0009,2011-07-28,0.6272677708007939
AOI-0009,2011-08-17,0.37212897095118114
AOI-0009,2011-09-10,0.2647093244908407
AOI-0009,2012-04-29,0.5821483278063047
AOI-0009,2012-05-08,0.7329572463767454
AOI-0009,2012-08-12,0.3703027547324554
AOI-0009,2012-08-28,0.4341736543675327
AOI-0009,2012-09-29,0.35992919527729705
AOI-0009,2012-10-06,0.1838767360435455
AOI-0009,2013-04-07,0.2714653497861099
AOI-0009,2013-07-21,0.5612179833661033
AOI-0009,2013-08-13,0.3580655366708465
AOI-0009,2013-09-14,0.3067380327469753
AOI-0009,2014-04-07,0.5099178049168628
AOI-0009,2014-04-27,0.7471298990375373
AOI-0009,2014-05-29,0.8391032089015525
AOI-0009,2014-06-10,0.5788297290486452
AOI-0009,2014-06-22,0.3418068872928442
AOI-0009,2014-08-01,0.20853767820949462
AOI-0009,2014-08-09,0.16141711394252975
AOI-0009,2014-08-17,0.2178331110183743
AOI-0009,2014-08-29,0.24608516653266166
AOI-0009,2015-04-14,0.4233444829369028
AOI-0009,2015-05-24,0.8308517756248177
AOI-0009,2015-06-26,0.4117360991362145
AOI-0009,2015-10-07,0.20293612776739767
AOI-0009,2016-05-02,0.6683595594665337
AOI-0009,2016-06-25,0.5729769802270823
AOI-0009,2016-07-05,0.5047731975562634
AOI-0009,2016-07-13,0.44105034668956544
AOI-0009,2016-10-25,0.25809916390787185
AOI-0009,2017-04-01,0.25293007217870306
AOI-0009,2017-04-23,0.675932239824338
AOI-0009,2017-05-21,0.8118854756526399
AOI-0009,2017-07-12,0.3225391997034826
AOI-0009,2017-07-24,0.2561418198751234
AOI-0009,2017-08-09,0.14681928734684682
AOI-0009,2017-08-11,0.157022217234397
AOI-0009,2017-08-14,0.1474676633805008
AOI-0009,2017-08-29,0.15741392682047203
AOI-0009,2017-09-05,0.15535591334731658
AOI-0009,2017-09-13,0.15533873695255707
AOI-0009,2017-09-15,0.1522783488865521
AOI-0009,2018-04-14,0.43158270521902087
AOI-0009,2018-04-23,0.7200261216306241
AOI-0009,2018-07-12,0.25334309513086084
AOI-0009,2018-09-29,0.19892230775712846
AOI-0009,2018-09-30,0.25720775772510435
AOI-0009,2018-10-13,0.17569124014697282
AOI-0009,2019-04-01,0.202459935044997
AOI-0009,2019-04-25,0.28408020402638445
AOI-0009,2019-05-09,0.5956510399970336
AOI-0009,2019-05-18,0.5142837232162247
AOI-0009,2019-05-28,0.6664804842596936
AOI-0009,2019-06-28,0.27385025677541325
AOI-0009,2019-08-07,0.2999025763124555
AOI-0009,2019-08-21,0.1991969674643863
AOI-0009,2019-08-26,0.17562868396652329
AOI-0009,2019-08-31,0.1712957473414037
AOI-0009,2019-10-15,0.23915813451663082
AOI-0009,2020-05-13,0.7702800679309518
AOI-0009,2020-05-15,0.6679026760572571
AOI-0009,2020-05-24,0.8132516238062718
AOI-0009,2020-05-27,0.7727137683356575
AOI-0009,2020-05-29,0.7524042464798937
AOI-0009,2020-06-06,0.7180188148777455
AOI-0009,2020-06-11,0.5245879130125819
AOI-0009,2020-06-29,0.21012674910660245
AOI-0009,2020-07-06,0.17935331767832147
AOI-0009,2020-07-24,0.15780280507565256
AOI-0009,2020-07-27,0.24811414686362523
AOI-0009,2020-08-03,0.12229596547652392
AOI-0009,2020-08-12,0.2559644343447787
AOI-0009,2020-08-15,0.1239760935744732
AOI-0009,2020-08-17,0.19382406135008143
AOI-0009,2020-08-28,0.2371901369145011
AOI-0009,2020-09-02,0.14433205872078145
AOI-0009,2020-09-29,0.21892063436864106
AOI-0009,2020-10-07,0.15004610649339348
AOI-0009,2020-10-15,0.25431470042316806
AOI-0009,2021-04-06,0.397748919570761
AOI-0009,2021-04-30,0.45134887267076124
AOI-0009,2021-05-15,0.7974600933235243
AOI-0009,2021-05-16,0.8576610568002225
AOI-0009,2021-07-14,0.19499495531243663
AOI-0009,2021-07-21,0.15255893095773615
AOI-0009,2021-07-26,0.15841019941949183
AOI-0009,2021-07-29,0.15934497638206263
AOI-0009,2021-08-20,0.17053537165277038
AOI-0009,2021-09-27,0.3242407272651203
AOI-0009,2021-10-02,0.3090563462643864
AOI-0009,2021-10-12,0.14392584143694373
AOI-0009,2021-10-15,0.2755246566362391
AOI-0009,2022-04-02,0.4924568732791403
AOI-0009,2022-06-06,0.808371899461941
AOI-0009,2022-06-08,0.8195040076387174
AOI-0009,2022-06-11,0.7846211101005663
AOI-0009,2022-07-12,0.257704745347973
AOI-0009,2022-07-14,0.18379874457996448
AOI-0009,2022-08-23,0.1753178410062455
AOI-0009,2022-09-30,0.26277526687365305
AOI-0009,2022-10-02,0.1488547026171596
AOI-0009,2022-10-19,0.20128292869108652
AOI-0009,2022-10-22,0.15826066898784796
AOI-0009,2023-05-17,0.8105046720889677
AOI-0009,2023-05-25,0.8147456911908219
AOI-0009,2023-06-19,0.7190481560696843
AOI-0009,2023-06-26,0.3863585326117138
AOI-0009,2023-07-25,0.346711499627796
AOI-0009,2023-08-13,0.24461052944571313
AOI-0009,2023-08-26,0.31541748920413065
AOI-0009,2023-08-28,0.2569414081455835
AOI-0009,2023-08-29,0.3374366091425839
AOI-0009,2023-09-14,0.2505129183817045
AOI-0009,2023-10-02,0.1969655010274663
AOI-0009,2023-10-12,0.2553171481783373
AOI-0009,2024-05-08,0.5504831123014583
AOI-0009,2024-06-18,0.57553764313271
AOI-0009,2024-06-23,0.6801812594580863
AOI-0009,2024-06-28,0.6611867630485968
AOI-0009,2024-07-08,0.6109157047576833
AOI-0009,2024-08-04,0.4602579078059299
AOI-0009,2024-08-09,0.5356396865648465
AOI-0009,2024-08-20,0.452572987344873
AOI-0009,2024-08-27,0.3628535520806788
AOI-0009,2024-09-03,0.24928315104509488
AOI-0009,2024-09-06,0.30780454759995085
AOI-0009,2024-09-08,0.2927616394942285
AOI-0009,2024-09-13,0.26685231607310606
AOI-0009,2024-10-08,0.161688716377836
AOI-0012,2010-07-13,0.2808943690720508
AOI-0012,2010-08-22,0.24071716840696397
AOI-0012,2010-10-25,0.27791335132945016
AOI-0012,2011-05-21,0.7253416872789584
AOI-0012,2011-07-12,0.3776512298512603
AOI-0012,2011-08-13,0.332026339080006
AOI-0012,2011-09-02,0.2577898529715706
AOI-0012,2012-04-22,0.45478500219479234
AOI-0012,2012-06-09,0.36175496807182905
AOI-0012,2012-06-25,0.3402668318289765
AOI-0012,2012-08-03,0.2697264320134672
AOI-0012,2012-08-28,0.3244851834216086
AOI-0012,2012-09-13,0.31974453767961813
AOI-0012,2012-10-06,0.2795928533430289
AOI-0012,2013-05-09,0.826760769277192
AOI-0012,2013-06-10,0.48948377923663927
AOI-0012,2013-07-13,0.31751483130548364
AOI-0012,2013-07-29,0.3343991314708557
AOI-0012,2013-10-09,0.3357398541862931
AOI-0012,2013-10-25,0.3548139746847187
AOI-0012,2014-06-06,0.6047898645839577
AOI-0012,2014-06-22,0.2610234155972559
AOI-0012,2014-06-26,0.29919552200663796
AOI-0012,2014-06-30,0.23599034604810223
AOI-0012,2014-08-13,0.2770218341750933
AOI-0012,2014-09-14,0.2699942324936039
AOI-0012,2014-10-16,0.26289515609962955
AOI-0012,2014-10-28,0.18545449909137043
AOI-0012,2015-05-25,0.4337202914645175
AOI-0012,2015-06-09,0.3580371672354383
AOI-0012,2015-08-12,0.18585782288478384
AOI-0012,2015-08-13,0.24624713552745664
AOI-0012,2015-08-20,0.2591569916354195
AOI-0012,2015-09-14,0.3218785577699152
AOI-0012,2016-08-06,0.3489506549486178
AOI-0012,2017-04-03,0.34898110352454886
AOI-0012,2017-04-07,0.5282467733599528
AOI-0012,2017-05-06,0.6450385734943328
AOI-0012,2017-07-24,0.24679816636039364
AOI-0012,2017-08-01,0.17015848528615451
AOI-0012,2017-08-04,0.16205486901256483
AOI-0012,2017-08-13,0.24773995002044769
AOI-0012,2017-08-14,0.15952755534752905
AOI-0012,2017-08-17,0.16005136516812798
AOI-0012,2017-09-05,0.18515808826083507
AOI-0012,2017-09-08,0.20522139637860976
AOI-0012,2017-09-30,0.2633659442262413
AOI-0012,2017-10-04,0.20125719861276894
AOI-0012,2018-04-11,0.5955323510975281
AOI-0012,2018-05-24,0.823588520953703
AOI-0012,2018-05-25,0.7992473385034724
AOI-0012,2018-06-09,0.6148917732158746
AOI-0012,2018-09-13,0.18800043592391552
AOI-0012,2018-09-30,0.26678412037605026
AOI-0012,2019-04-01,0.4900258494370171
AOI-0012,2019-06-07,0.6426516693560379
AOI-0012,2019-06-17,0.2232385713798285
AOI-0012,2019-06-28,0.22192283214486963
AOI-0012,2019-07-22,0.1864412665578423
AOI-0012,2019-08-13,0.2781870257946077
AOI-0012,2019-09-13,0.2154464250543552
AOI-0012,2020-04-02,0.6354597658126044
AOI-0012,2020-04-25,0.7403924014788567
AOI-0012,2020-05-15,0.576010401105552
AOI-0012,2020-06-09,0.5089193544458598
AOI-0012,2020-06-26,0.21176884064199059
AOI-0012,2020-07-24,0.18637688441863173
AOI-0012,2020-08-03,0.16095188586025688
AOI-0012,2020-08-05,0.19127305439578374
AOI-0012,2020-08-12,0.2624821845240191
AOI-0012,2020-09-09,0.18513497498500855
AOI-0012,2020-09-12,0.17587546859934533
AOI-0012,2020-09-22,0.17671792038142745
AOI-0012,2020-09-26,0.15817932364371332
AOI-0012,2020-10-17,0.14296883101177907
AOI-0012,2021-05-08,0.3329786893080515
AOI-0012,2021-05-25,0.5515256246615154
AOI-0012,2021-06-06,0.2350014726766012
AOI-0012,2021-06-26,0.19192370378241067
AOI-0012,2021-07-16,0.15730747750030327
AOI-0012,2021-07-21,0.15710775866832927
AOI-0012,2021-07-24,0.17784443601588926
AOI-0012,2021-08-18,0.1936020207623217
AOI-0012,2021-08-25,0.2069431894350039
AOI-0012,2021-08-30,0.20315273006022194
AOI-0012,2021-09-07,0.24117203213048585
AOI-0012,2022-06-06,0.8356730678804056
AOI-0012,2022-06-19,0.6362780749548692
AOI-0012,2022-07-01,0.24000724939079882
AOI-0012,2022-07-28,0.3203868350348512
AOI-0012,2022-08-28,0.30622965971276467
AOI-0012,2022-09-08,0.2752975479445419
AOI-0012,2022-09-14,0.2641360688578949
AOI-0012,2023-04-10,0.6322598096129033
AOI-0012,2023-06-06,0.7334411382381715
AOI-0012,2023-06-23,0.3633339291513767
AOI-0012,2023-07-26,0.18295485342413603
AOI-0012,2023-08-05,0.1766107780604016
AOI-0012,2023-08-15,0.16950937230729693
AOI-0012,2023-10-07,0.23229729313662043
AOI-0012,2023-10-11,0.20522649008203733
AOI-0012,2024-04-01,0.6306471773103907
AOI-0012,2024-04-06,0.6839933263694531
AOI-0012,2024-05-08,0.8000042736920189
AOI-0012,2024-05-09,0.8270503411255936
AOI-0012,2024-06-17,0.31754532885531456
AOI-0012,2024-07-08,0.14243354930177812
AOI-0012,2024-07-10,0.14322295254072645
AOI-0012,2024-07-20,0.13385154271932242
AOI-0012,2024-08-22,0.14769436244649495
AOI-0012,2024-10-07,0.2334581963078615
AOI-0012,2024-10-15,0.2705161599651336
AOI-0016,2010-04-24,0.48854926604955656
AOI-0016,2010-08-29,0.5711460102737167
AOI-0016,2011-05-09,0.716910178118581
AOI-0016,2011-06-06,0.7751786480699291
AOI-0016,2011-06-10,0.7312764521961997
AOI-0016,2011-06-30,0.6391736104400989
AOI-0016,2011-07-28,0.6196454822847195
AOI-0016,2012-04-29,0.6394349841477885
AOI-0016,2012-07-11,0.725557961480789
AOI-0016,2012-07-27,0.6435786565450248
AOI-0016,2012-09-11,0.5327058447463501
AOI-0016,2012-10-15,0.5423678327094045
AOI-0016,2013-06-03,0.7710548309285402
AOI-0016,2013-07-28,0.7273744655665033
AOI-0016,2013-08-13,0.6744205789228981
AOI-0016,2013-10-24,0.5996645718529032
AOI-0016,2014-04-07,0.48426314196742937
AOI-0016,2014-05-09,0.7361757059201884
AOI-0016,2014-05-21,0.7863451225110911
AOI-0016,2014-06-29,0.5602690025940041
AOI-0016,2014-07-08,0.6378072166982354
AOI-0016,2014-07-28,0.5993800299490881
AOI-0016,2015-04-06,0.327167031727309
AOI-0016,2015-06-24,0.6930887680276698
AOI-0016,2015-07-12,0.6498816465558558
AOI-0016,2015-10-07,0.4082501985353092
AOI-0016,2016-05-25,0.5343639422891538
AOI-0016,2016-06-03,0.5397592880018206
AOI-0016,2016-06-19,0.5992668407569858
AOI-0016,2016-07-04,0.6117767912293144
AOI-0016,2016-07-05,0.638222466491633
AOI-0016,2016-07-27,0.7711170546920069
AOI-0016,2017-04-03,0.23703236517345683
AOI-0016,2017-04-13,0.22772695473464832
AOI-0016,2017-08-09,0.6045258912487332
AOI-0016,2017-08-11,0.6045225620819716
AOI-0016,2017-08-17,0.501370064210865
AOI-0016,2017-09-15,0.4640056503228478
AOI-0016,2018-04-06,0.2216988680636751
AOI-0016,2018-04-07,0.29950153133491997
AOI-0016,2018-04-11,0.2054352470757968
AOI-0016,2018-05-16,0.2800755516161387
AOI-0016,2018-06-02,0.3387525651474578
AOI-0016,2019-04-06,0.18191189342568734
AOI-0016,2019-04-21,0.26333535821289084
AOI-0016,2019-05-11,0.22446776138014363
AOI-0016,2019-06-26,0.7553024770113131
AOI-0016,2019-07-06,0.72354701016556
AOI-0016,2019-07-17,0.7010914166112645
AOI-0016,2019-07-28,0.7292936265405916
AOI-0016,2019-08-24,0.3768426124869221
AOI-0016,2019-09-13,0.29972616833553545
AOI-0016,2019-09-23,0.18023471883885875
AOI-0016,2020-05-04,0.2666791843110306
AOI-0016,2020-06-26,0.7259500127580802
AOI-0016,2020-07-07,0.800550505215127
AOI-0016,2020-08-08,0.39852383920598067
AOI-0016,2020-08-24,0.32612198139849197
AOI-0016,2020-08-30,0.2509878884017057
AOI-0016,2020-09-17,0.18451378838048588
AOI-0016,2020-09-19,0.1438708250496034
AOI-0016,2020-10-03,0.1561401334926824
AOI-0016,2020-10-17,0.1595935279594719
AOI-0016,2021-04-02,0.29196380061736776
AOI-0016,2021-04-15,0.4307892075969423
AOI-0016,2021-05-12,0.8854784144971755
AOI-0016,2021-06-14,0.8060982137791259
AOI-0016,2021-07-14,0.20817243712164463
AOI-0016,2021-07-24,0.1748699311952683
AOI-0016,2021-08-03,0.1548187575907032
AOI-0016,2021-08-29,0.28109944774235995
AOI-0016,2021-09-17,0.21411834137283275
AOI-0016,2021-09-29,0.17201181970438972
AOI-0016,2021-10-14,0.17999747365832458
AOI-0016,2022-06-04,0.2852509442818471
AOI-0016,2022-06-06,0.3280943947889812
AOI-0016,2022-07-06,0.7951437646734091
AOI-0016,2022-07-19,0.7830831706650164
AOI-0016,2022-07-21,0.7775184676890096
AOI-0016,2022-07-29,0.7853706035710841
AOI-0016,2022-08-03,0.6145079024401177
AOI-0016,2022-08-05,0.6938906107345733
AOI-0016,2022-08-08,0.6344372905934338
AOI-0016,2022-08-13,0.5114088273397849
AOI-0016,2022-08-23,0.4000256719637236
AOI-0016,2022-09-27,0.2192879140404765
AOI-0016,2022-10-19,0.1892791325425478
AOI-0016,2023-04-11,0.704575011603286
AOI-0016,2023-05-05,0.8262487069863808
AOI-0016,2023-05-25,0.8159311609649981
AOI-0016,2023-06-07,0.7749463112190729
AOI-0016,2023-06-11,0.6736673886959765
AOI-0016,2023-07-16,0.2946243217782373
AOI-0016,2023-07-17,0.3386767901688387
AOI-0016,2023-07-24,0.2693383814461858
AOI-0016,2023-07-28,0.37941989560177525
AOI-0016,2023-08-17,0.1871772097039944
AOI-0016,2023-08-25,0.14040403973808402
AOI-0016,2023-09-07,0.1477570029191702
AOI-0016,2023-09-26,0.20995253529989003
AOI-0016,2023-10-16,0.2402885996353496
AOI-0016,2023-10-19,0.17919400206010533
AOI-0016,2024-04-26,0.372369121785625
AOI-0016,2024-05-04,0.46997811005138196
AOI-0016,2024-05-06,0.46682856768923797
AOI-0016,2024-05-09,0.4515926843620049
AOI-0016,2024-06-05,0.35419576379261264
AOI-0016,2024-06-13,0.2617270645700688
AOI-0016,2024-06-24,0.30992994011294317
AOI-0016,2024-07-10,0.238810751844845
AOI-0016,2024-07-18,0.19291770460641194
AOI-0016,2024-09-11,0.1650139097804967
AOI-0016,2024-09-16,0.18097877669526954
AOI-0016,2024-10-07,0.2336058274074917
AOI-0016,2024-10-30,0.3011145673285095
AOI-0018,2010-07-12,0.6939993459887848
AOI-0018,2010-08-29,0.5924047822127838
AOI-0018,2010-09-30,0.4889005227017298
AOI-0018,2011-04-26,0.2567385561182519
AOI-0018,2011-05-21,0.5910056428582362
AOI-0018,2011-05-25,0.729575303464096
AOI-0018,2011-06-22,0.7382230637786877
AOI-0018,2011-06-26,0.7034792395324513
AOI-0018,2011-07-15,0.6529024861858455
AOI-0018,2011-07-28,0.6756096919263858
AOI-0018,2011-08-17,0.6447443575879661
AOI-0018,2011-10-27,0.4579839497082787
AOI-0018,2012-04-06,0.4508441454532994
AOI-0018,2012-07-25,0.7038997197280251
AOI-0018,2012-07-27,0.6433678285812021
AOI-0018,2012-09-04,0.6043596324949563
AOI-0018,2012-10-06,0.5920577148451424
AOI-0018,2012-10-15,0.6268940181142754
AOI-0018,2013-06-11,0.6547539728996815
AOI-0018,2013-08-13,0.7222606293127484
AOI-0018,2013-08-21,0.7175201960665185
AOI-0018,2013-09-22,0.7141789145072069
AOI-0018,2013-10-16,0.6017752719420745
AOI-0018,2014-05-09,0.7655319828940679
AOI-0018,2014-06-06,0.6099871956789604
AOI-0018,2014-06-10,0.5658499272200388
AOI-0018,2014-09-14,0.4743114696458959
AOI-0018,2015-04-07,0.49923992551422863
AOI-0018,2015-05-23,0.6494161570455089
AOI-0018,2015-05-25,0.6723721860572434
AOI-0018,2015-08-04,0.5180324168387795
AOI-0018,2015-08-11,0.5085434042650245
AOI-0018,2015-09-28,0.45166903359533406
AOI-0018,2016-05-18,0.779701013410064
AOI-0018,2016-06-03,0.8149879340290576
AOI-0018,2016-06-18,0.6883778140348737
AOI-0018,2016-07-13,0.5397459904108723
AOI-0018,2016-08-22,0.5945305148034199
AOI-0018,2016-10-16,0.6433001976452305
AOI-0018,2017-07-12,0.6792429953091637
AOI-0018,2017-08-08,0.569310623301662
AOI-0018,2017-08-13,0.5308002862354392
AOI-0018,2017-09-02,0.5881952707850303
AOI-0018,2017-09-26,0.5262193302605297
AOI-0018,2017-10-04,0.4572080824279638
AOI-0018,2017-10-05,0.44938231674778556
AOI-0018,2017-10-08,0.43597285196285873
AOI-0018,2018-06-15,0.5924924980841554
AOI-0018,2018-07-18,0.5498453754479786
AOI-0018,2018-07-28,0.5191294349399573
AOI-0018,2018-08-13,0.39269331189946044
AOI-0018,2018-08-20,0.3253433936578276
AOI-0018,2018-09-05,0.2377793388124039
AOI-0018,2018-10-07,0.2330593204647173
AOI-0018,2019-04-28,0.44301125559724386
AOI-0018,2019-05-02,0.5094981641203261
AOI-0018,2019-05-06,0.3933096824673316
AOI-0018,2019-05-13,0.25581561183717605
AOI-0018,2019-05-18,0.284177460743295
AOI-0018,2019-05-21,0.2680113385680876
AOI-0018,2019-05-25,0.55250323818831
AOI-0018,2019-06-25,0.34075338666973054
AOI-0018,2019-06-26,0.3974967024365657
AOI-0018,2019-07-12,0.6862847357127616
AOI-0018,2019-08-29,0.5474649703123565
AOI-0018,2019-09-03,0.4403486481496474
AOI-0018,2019-09-10,0.36325403930868627
AOI-0018,2019-10-10,0.2340139540928299
AOI-0018,2019-10-13,0.21696077200508906
AOI-0018,2020-06-11,0.5799620666815246
AOI-0018,2020-06-25,0.36196139678476646
AOI-0018,2020-07-14,0.16030614315322317
AOI-0018,2020-08-20,0.17607585957782612
AOI-0018,2020-09-02,0.18546865180874048
AOI-0018,2020-09-04,0.18519864672083725
AOI-0018,2020-09-12,0.1734298101956593
AOI-0018,2020-09-26,0.17864898525812897
AOI-0018,2020-10-07,0.2039494647779528
AOI-0018,2020-10-09,0.19067046762056822
AOI-0018,2020-10-27,0.1805322506831808
AOI-0018,2021-04-02,0.3163458897710336
AOI-0018,2021-04-07,0.5124205419606932
AOI-0018,2021-05-09,0.8490109790951089
AOI-0018,2021-05-12,0.8535507232457716
AOI-0018,2021-05-20,0.8527709462593877
AOI-0018,2021-05-23,0.8678321651194619
AOI-0018,2021-06-14,0.812671246026531
AOI-0018,2021-07-19,0.21297319181769886
AOI-0018,2021-07-28,0.3810600397063534
AOI-0018,2021-08-12,0.2516859411399164
AOI-0018,2021-08-23,0.21240873626540754
AOI-0018,2021-08-25,0.2322630276271884
AOI-0018,2021-08-29,0.3461954032738886
AOI-0018,2021-09-13,0.22117168752632627
AOI-0018,2021-10-27,0.25981963200569064
AOI-0018,2022-04-05,0.18805354038334313
AOI-0018,2022-04-08,0.24859054120959723
AOI-0018,2022-05-20,0.2733068955982688
AOI-0018,2022-06-04,0.39782338308040965
AOI-0018,2022-06-08,0.5901876465933784
AOI-0018,2022-06-19,0.7489708429529407
AOI-0018,2022-06-24,0.7779180489558452
AOI-0018,2022-07-22,0.8253233369997663
AOI-0018,2022-07-30,0.7913131484941828
AOI-0018,2022-08-10,0.6405656571478695
AOI-0018,2022-08-28,0.31322816133498693
AOI-0018,2022-08-31,0.34674522699941585
AOI-0018,2022-10-19,0.21220289119406724
AOI-0018,2023-04-04,0.700886052077822
AOI-0018,2023-04-10,0.582397910429802
AOI-0018,2023-05-09,0.822289096820809
AOI-0018,2023-05-15,0.8519325190627723
AOI-0018,2023-05-25,0.8045637889436895
AOI-0018,2023-06-24,0.3763010656851596
AOI-0018,2023-07-06,0.25319011733226576
AOI-0018,2023-07-16,0.26525484930031973
AOI-0018,2023-07-24,0.23490575698599617
AOI-0018,2023-08-02,0.20477081277874584
AOI-0018,2023-08-30,0.1854915675786183
AOI-0018,2023-09-12,0.17498135959213698
AOI-0018,2023-09-18,0.23530388762325213
AOI-0018,2023-10-12,0.19558611860985706
AOI-0018,2023-10-19,0.17398400897308394
AOI-0018,2024-04-05,0.20002192239714897
AOI-0018,2024-04-29,0.22997162120343195
AOI-0018,2024-05-07,0.2662600617950765
AOI-0018,2024-06-17,0.7810234604303226
AOI-0018,2024-06-25,0.7145877064702214
AOI-0018,2024-06-28,0.7101786528386408
AOI-0018,2024-07-05,0.6462341713311308
AOI-0018,2024-08-03,0.5472718762734533
AOI-0018,2024-08-20,0.3419384515425498
AOI-0018,2024-09-20,0.24553339774636673
AOI-0018,2024-09-23,0.19454427406428734
AOI-0018,2024-10-01,0.1860848380697236
AOI-0018,2024-10-30,0.2874984419468933
AOI-0024,2010-04-23,0.3174208580990475
AOI-0024,2010-06-19,0.3212879811744403
AOI-0024,2010-07-28,0.7217880440355529
AOI-0024,2010-10-16,0.27390115930021425
AOI-0024,2011-06-14,0.4097211858087699
AOI-0024,2011-06-26,0.43943799034549247
AOI-0024,2011-07-16,0.498471383645132
AOI-0024,2011-09-14,0.4778737692965351
AOI-0024,2011-10-16,0.40829407398549483
AOI-0024,2012-04-04,0.21061667119939761
AOI-0024,2012-04-06,0.35231654875675866
AOI-0024,2012-06-23,0.5408839236247124
AOI-0024,2012-07-18,0.3162257667479573
AOI-0024,2012-08-28,0.3247770222130826
AOI-0024,2012-09-04,0.21907007317196614
AOI-0024,2012-09-13,0.31933344534149566
AOI-0024,2012-09-27,0.2705218841610225
AOI-0024,2013-04-16,0.2109361709863684
AOI-0024,2013-06-11,0.4625762000016511
AOI-0024,2013-07-20,0.6367319132573619
AOI-0024,2013-07-29,0.6332224277405317
AOI-0024,2013-08-22,0.3882209365461216
AOI-0024,2013-09-14,0.42782620285904316
AOI-0024,2014-05-09,0.7264899586697859
AOI-0024,2014-07-12,0.3393420322589772
AOI-0024,2014-08-09,0.15439022690057902
AOI-0024,2014-08-16,0.14784112334075986
AOI-0024,2014-09-30,0.268495314506804
AOI-0024,2014-10-04,0.21855936003706647
AOI-0024,2015-04-14,0.3452552456392406
AOI-0024,2015-07-11,0.34780468685555443
AOI-0024,2015-07-12,0.36794468077505676
AOI-0024,2015-07-28,0.36176025521483096
AOI-0024,2015-09-29,0.24096702668580597
AOI-0024,2016-04-08,0.23301974416410223
AOI-0024,2016-04-23,0.30207372629536733
AOI-0024,2016-06-19,0.7002616684205505
AOI-0024,2016-08-12,0.6875082599006224
AOI-0024,2016-08-22,0.6645845225758468
AOI-0024,2016-08-30,0.5117350287040583
AOI-0024,2016-09-14,0.40250876497212257
AOI-0024,2016-10-16,0.36607331095306883
AOI-0024,2017-04-26,0.5334504912286723
AOI-0024,2017-05-01,0.5757893043378458
AOI-0024,2017-05-12,0.7936941039044357
AOI-0024,2017-05-29,0.7732823098792222
AOI-0024,2017-06-13,0.7727151776435527
AOI-0024,2017-06-14,0.7215110730986236
AOI-0024,2017-06-29,0.4139197771393215
AOI-0024,2017-07-07,0.27372092122408964
AOI-0024,2017-07-15,0.27512064885944126
AOI-0024,2017-08-01,0.1782272384489755
AOI-0024,2017-08-04,0.176763330433468
AOI-0024,2017-08-08,0.15311213600177392
AOI-0024,2017-08-16,0.23645137414519632
AOI-0024,2017-08-24,0.14837795705398293
AOI-0024,2017-09-02,0.15316701042083938
AOI-0024,2017-09-05,0.14731818226702856
AOI-0024,2017-09-18,0.17130114328206333
AOI-0024,2017-09-30,0.2596292192824681
AOI-0024,2018-04-14,0.2110738238983373
AOI-0024,2018-06-24,0.37013782476115387
AOI-0024,2018-06-25,0.4533811485329648
AOI-0024,2018-08-19,0.2469707387109638
AOI-0024,2018-09-04,0.21913230198096156
AOI-0024,2018-09-29,0.21334187051576056
AOI-0024,2019-04-01,0.27090210674886966
AOI-0024,2019-04-21,0.5056461247971329
AOI-0024,2019-05-11,0.8275788928770594
AOI-0024,2019-05-28,0.8422865333333094
AOI-0024,2019-08-23,0.16531856600177994
AOI-0024,2019-08-24,0.17080860755372232
AOI-0024,2019-09-14,0.3236472072546831
AOI-0024,2019-09-15,0.20210392630721732
AOI-0024,2019-09-16,0.2624356162677951
AOI-0024,2019-10-09,0.35245020607046557
AOI-0024,2019-10-26,0.3719576324478552
AOI-0024,2020-04-30,0.24237165747139466
AOI-0024,2020-05-27,0.28318137161725676
AOI-0024,2020-07-07,0.7320251284413439
AOI-0024,2020-08-09,0.37641896643510414
AOI-0024,2020-08-12,0.4354816052774068
AOI-0024,2020-09-22,0.16656012067130002
AOI-0024,2020-10-15,0.25713185321986176
AOI-0024,2021-06-10,0.7941253096943137
AOI-0024,2021-07-12,0.23603494413332415
AOI-0024,2021-08-03,0.19441798035097024
AOI-0024,2021-08-12,0.18470386326371166
AOI-0024,2021-08-23,0.21030924514954438
AOI-0024,2021-08-25,0.22327704512111157
AOI-0024,2022-04-05,0.47290615680757436
AOI-0024,2022-05-25,0.8433485271835006
AOI-0024,2022-06-04,0.851157074585747
AOI-0024,2022-06-30,0.34163399862627486
AOI-0024,2022-07-01,0.2816532845039187
AOI-0024,2022-07-17,0.2762428515966141
AOI-0024,2022-08-22,0.30634270932214
AOI-0024,2022-09-01,0.3116661327466095
AOI-0024,2022-09-30,0.38867611428103205
AOI-0024,2022-10-01,0.37937035062862823
AOI-0024,2023-04-23,0.44948442951112366
AOI-0024,2023-04-27,0.2583487246279862
AOI-0024,2023-05-12,0.2492404043678148
AOI-0024,2023-05-17,0.23584649064586788
AOI-0024,2023-06-19,0.6511258449863699
AOI-0024,2023-07-05,0.7929750793831122
AOI-0024,2023-07-21,0.7466197788991044
AOI-0024,2023-08-01,0.7312571829584135
AOI-0024,2023-08-06,0.7452243353904291
AOI-0024,2023-08-13,0.6838288710618144
AOI-0024,2023-08-18,0.5175135540468125
AOI-0024,2023-09-22,0.25085707632148835
AOI-0024,2023-09-29,0.20905707761845044
AOI-0024,2023-10-11,0.18735262183238008
AOI-0024,2023-10-12,0.19318120821966783
AOI-0024,2024-04-05,0.6622234691687667
AOI-0024,2024-04-11,0.7535179427853071
AOI-0024,2024-05-23,0.8659813201012554
AOI-0024,2024-06-24,0.3090133192259247
AOI-0024,2024-06-28,0.22814122179772417
AOI-0024,2024-07-11,0.278733379420739
AOI-0024,2024-07-15,0.1573018123770549
AOI-0024,2024-07-27,0.2183522091437782
AOI-0024,2024-07-30,0.14120544274116098
AOI-0024,2024-08-09,0.14771543664940218
AOI-0024,2024-09-21,0.15420487982865227
AOI-0024,2024-10-03,0.12577774095868163
AOI-0024,2024-10-08,0.1314382287702964
AOI-0025,2010-06-02,0.6259132729348369
AOI-0025,2011-04-02,0.1845915561395646
AOI-0025,2011-04-07,0.2771913803729754
AOI-0025,2011-06-26,0.34823710925140083
AOI-0025,2011-08-08,0.23390272385036415
AOI-0025,2012-04-04,0.48317734559792846
AOI-0025,2012-05-24,0.7993644868901538
AOI-0025,2012-08-26,0.1909369727556751
AOI-0025,2013-04-07,0.32106874486817677
AOI-0025,2013-04-23,0.45896908535267106
AOI-0025,2013-08-13,0.237675055018241
AOI-0025,2013-10-16,0.5152403279342305
AOI-0025,2014-04-18,0.8217734153158054
AOI-0025,2014-05-09,0.8621484796389632
AOI-0025,2014-07-28,0.30991925022920513
AOI-0025,2014-08-24,0.2505268329519309
AOI-0025,2015-04-13,0.2174521869420524
AOI-0025,2015-05-25,0.3907763581667642
AOI-0025,2015-08-13,0.22559486834381107
AOI-0025,2015-09-14,0.23910037803252157
AOI-0025,2016-04-06,0.7354193214053975
AOI-0025,2016-05-09,0.8096270617799446
AOI-0025,2016-05-25,0.7980727145072628
AOI-0025,2016-06-10,0.5556266667489792
AOI-0025,2016-06-18,0.38922456274618455
AOI-0025,2016-07-11,0.3029202334240037
AOI-0025,2016-07-27,0.23879006754894191
AOI-0025,2016-08-12,0.23320285070206
AOI-0025,2016-09-13,0.242783759495695
AOI-0025,2016-10-15,0.3177977922272458
AOI-0025,2016-10-24,0.17530252569560492
AOI-0025,2017-04-02,0.20790863831826728
AOI-0025,2017-04-23,0.44000401514182486
AOI-0025,2017-05-25,0.5380013781754243
AOI-0025,2017-07-28,0.6305196202461107
AOI-0025,2017-07-31,0.6614145937906352
AOI-0025,2017-08-09,0.35517790613367395
AOI-0025,2017-08-29,0.18384208992081372
AOI-0025,2018-07-26,0.2409736767345507
AOI-0025,2018-09-12,0.18769382681862828
AOI-0025,2019-04-07,0.3980679124423761
AOI-0025,2019-05-02,0.28134599706279523
AOI-0025,2019-06-27,0.18371988694012134
AOI-0025,2019-08-06,0.21130004104173575
AOI-0025,2019-08-19,0.15928997817135873
AOI-0025,2019-08-22,0.24024449106306592
AOI-0025,2019-08-29,0.17909995792385489
AOI-0025,2019-09-14,0.24372657629995723
AOI-0025,2019-09-23,0.1478784504537167
AOI-0025,2019-10-23,0.6750765097172169
AOI-0025,2020-05-30,0.7865518961731927
AOI-0025,2020-08-13,0.1470082534487826
AOI-0025,2020-09-22,0.15941906784593052
AOI-0025,2020-10-12,0.12589548074478513
AOI-0025,2021-05-31,0.8439823739616021
AOI-0025,2021-06-24,0.6815210691595612
AOI-0025,2021-07-14,0.20450604176241263
AOI-0025,2021-07-28,0.24830470046894573
AOI-0025,2021-09-14,0.2341613770505201
AOI-0025,2021-10-16,0.2790946863270763
AOI-0025,2022-06-09,0.8643624340115622
AOI-0025,2022-06-11,0.8016812272223669
AOI-0025,2022-06-13,0.8043840195007737
AOI-0025,2022-06-29,0.3160350603779566
AOI-0025,2022-07-21,0.16797772748946915
AOI-0025,2022-08-13,0.1518481438988514
AOI-0025,2022-08-14,0.19321658121608792
AOI-0025,2022-08-29,0.24906532423309322
AOI-0025,2022-09-30,0.2622793047969944
AOI-0025,2023-05-09,0.5329085225685553
AOI-0025,2023-05-15,0.2618647684993046
AOI-0025,2023-06-26,0.7431713058567826
AOI-0025,2023-07-16,0.7431059899311603
AOI-0025,2023-08-01,0.7483253423993536
AOI-0025,2023-08-13,0.7451260853142657
AOI-0025,2023-09-30,0.30432555266615247
AOI-0025,2024-05-07,0.8457123113382061
AOI-0025,2024-05-23,0.8581414260391084
AOI-0025,2024-07-18,0.1332646603885581
AOI-0025,2024-07-28,0.16451413021605318
AOI-0025,2024-08-12,0.1445886535040626
AOI-0025,2024-08-17,0.1319229841867063
AOI-0025,2024-09-16,0.13688728102581704
AOI-0025,2024-09-26,0.13001092888072097
AOI-0025,2024-10-11,0.1168229249713584
AOI-0025,2024-10-30,0.22589306199129455
AOI-0029,2010-08-13,0.16755187482299014
AOI-0029,2010-08-29,0.1640812676062492
AOI-0029,2011-04-26,0.41828006086109043
AOI-0029,2012-05-24,0.6635786571355534
AOI-0029,2012-06-09,0.6702535973496095
AOI-0029,2012-07-27,0.4232117630490289
AOI-0029,2012-09-27,0.17320306916712166
AOI-0029,2013-04-15,0.7858390968704276
AOI-0029,2013-05-09,0.8248802944430903
AOI-0029,2014-05-20,0.36110596499885134
AOI-0029,2014-06-10,0.2106520430169607
AOI-0029,2014-07-28,0.21069732229237573
AOI-0029,2014-08-13,0.21187881549377335
AOI-0029,2015-04-23,0.827458162073155
AOI-0029,2016-04-07,0.2484685369057717
AOI-0029,2016-06-18,0.8056787745625139
AOI-0029,2016-07-04,0.8022108073395877
AOI-0029,2016-08-13,0.3493413085257171
AOI-0029,2016-09-29,0.4015181646800825
AOI-0029,2017-04-01,0.5086524346676357
AOI-0029,2017-04-07,0.71328451540146
AOI-0029,2017-05-01,0.7045674686759811
AOI-0029,2017-06-10,0.5392420688729886
AOI-0029,2017-06-26,0.296999602649778
AOI-0029,2017-08-04,0.17264620555388763
AOI-0029,2017-08-09,0.14881195749126705
AOI-0029,2017-08-13,0.22609724189314725
AOI-0029,2017-09-01,0.22593630651041324
AOI-0029,2017-09-30,0.23041995111211652
AOI-0029,2018-04-23,0.4634396315896363
AOI-0029,2018-06-16,0.16002453972225172
AOI-0029,2018-09-12,0.15785361937805997
AOI-0029,2018-09-18,0.1784134607514964
AOI-0029,2018-09-30,0.2741405517744453
AOI-0029,2019-04-11,0.4217923071057196
AOI-0029,2019-04-23,0.7749180229249826
AOI-0029,2019-06-05,0.8197116107132503
AOI-0029,2019-06-15,0.584778259699761
AOI-0029,2019-06-25,0.22158491349934883
AOI-0029,2019-07-25,0.16580870215535612
AOI-0029,2019-07-28,0.3184398778073813
AOI-0029,2019-09-13,0.15394262940456158
AOI-0029,2019-09-23,0.09351051476356952
AOI-0029,2020-04-02,0.22214326380586596
AOI-0029,2020-04-06,0.36259351721642213
AOI-0029,2020-05-20,0.5996708333761472
AOI-0029,2020-07-14,0.1617674720433011
AOI-0029,2020-07-23,0.20694388448211426
AOI-0029,2020-08-03,0.1470967221492573
AOI-0029,2020-09-02,0.1576409691475516
AOI-0029,2020-09-17,0.16136238517240356
AOI-0029,2020-09-25,0.19206628017804525
AOI-0029,2021-04-21,0.6578578762497176
AOI-0029,2021-05-07,0.8229101168101731
AOI-0029,2021-05-23,0.8631214659226244
AOI-0029,2021-06-16,0.8044586567402456
AOI-0029,2021-06-19,0.7787424692749265
AOI-0029,2021-06-26,0.46972480682997164
AOI-0029,2021-07-10,0.3101904030068626
AOI-0029,2021-09-17,0.1925793513129952
AOI-0029,2021-10-07,0.19669511181463842
AOI-0029,2021-10-22,0.25187837531473833
AOI-0029,2021-10-27,0.29936133595216147
AOI-0029,2022-04-10,0.2259325897201808
AOI-0029,2022-04-15,0.20507134731572782
AOI-0029,2022-06-09,0.4918929480229292
AOI-0029,2022-06-19,0.6477355072172
AOI-0029,2022-07-05,0.7618397871284059
AOI-0029,2022-07-12,0.7049398674012821
AOI-0029,2022-08-03,0.563668988595782
AOI-0029,2022-08-29,0.37862956680374976
AOI-0029,2022-09-17,0.16780732722942715
AOI-0029,2023-06-30,0.400462719139019
AOI-0029,2023-07-12,0.3650172131546981
AOI-0029,2023-07-28,0.3443320165580865
AOI-0029,2023-08-01,0.22579035365977623
AOI-0029,2023-08-09,0.2654880381183651
AOI-0029,2023-08-25,0.2177321571672142
AOI-0029,2023-09-22,0.14863745381345136
AOI-0029,2023-09-24,0.15856693798503937
AOI-0029,2024-05-24,0.19969815840609723
AOI-0029,2024-06-24,0.21058466541726095
AOI-0029,2024-06-28,0.15514945323801016
AOI-0029,2024-07-03,0.14980752312644458
AOI-0029,2024-07-11,0.22400497239268607
AOI-0029,2024-09-28,0.18291867041068088
AOI-0034,2010-04-26,0.3099646001832182
AOI-0034,2010-05-28,0.5448391617123699
AOI-0034,2010-06-12,0.617368839345755
AOI-0034,2010-07-31,0.25254570058432974
AOI-0034,2011-04-07,0.36335872827361243
AOI-0034,2011-04-28,0.28940399115119686
AOI-0034,2011-06-16,0.26132386157446974
AOI-0034,2011-06-26,0.280866256730965
AOI-0034,2011-07-26,0.1729997752317597
AOI-0034,2011-08-18,0.18061514535872816
AOI-0034,2011-09-27,0.2521657924751724
AOI-0034,2011-09-30,0.3889169960277104
AOI-0034,2012-05-01,0.6193332092808721
AOI-0034,2012-05-17,0.548113559443083
AOI-0034,2012-05-24,0.5017820067023001
AOI-0034,2012-06-09,0.33394265438795495
AOI-0034,2012-06-25,0.22988171552539985
AOI-0034,2012-07-27,0.18780826817717491
AOI-0034,2012-08-12,0.23707167898476939
AOI-0034,2013-04-02,0.21804173802268473
AOI-0034,2013-04-18,0.25580280365317365
AOI-0034,2013-05-11,0.33714940982621067
AOI-0034,2013-06-13,0.22008728536749225
AOI-0034,2013-06-21,0.1934791079760435
AOI-0034,2013-07-14,0.15690442328558266
AOI-0034,2013-08-23,0.206659982878792
AOI-0034,2013-10-10,0.3505618297589831
AOI-0034,2014-07-10,0.15208600021398244
AOI-0034,2014-10-29,0.22318055157593894
AOI-0034,2015-04-24,0.2171434019966213
AOI-0034,2015-05-26,0.17858728308960561
AOI-0034,2015-07-04,0.15508178215069746
AOI-0034,2015-08-13,0.17751400897753059
AOI-0034,2015-08-29,0.1792857465766058
AOI-0034,2015-09-07,0.1630016985198663
AOI-0034,2015-09-15,0.13226195241646718
AOI-0034,2015-09-22,0.1484176132843274
AOI-0034,2015-10-08,0.1784708961703358
AOI-0034,2016-06-12,0.5568124459136551
AOI-0034,2016-06-21,0.32645450268688214
AOI-0034,2016-07-27,0.2258068128841363
AOI-0034,2016-08-31,0.1822716569778538
AOI-0034,2016-10-15,0.2531657500401459
AOI-0034,2016-10-26,0.19115832777157563
AOI-0034,2017-04-03,0.16958699461778406
AOI-0034,2017-04-04,0.15697370450243922
AOI-0034,2017-05-07,0.2214322491324123
AOI-0034,2017-06-10,0.3127281579539063
AOI-0034,2017-07-17,0.18095173565854905
AOI-0034,2017-07-25,0.13403478516782094
AOI-0034,2017-08-02,0.1892675060963793
AOI-0034,2017-08-06,0.137138806999621
AOI-0034,2017-08-19,0.1351066908343803
AOI-0034,2017-09-11,0.1401026160914417
AOI-0034,2017-09-28,0.3089337880669971
AOI-0034,2018-04-28,0.8203275380553903
AOI-0034,2018-05-17,0.8580097323971413
AOI-0034,2018-05-30,0.7080274945450488
AOI-0034,2018-06-11,0.39528718508323746
AOI-0034,2018-06-27,0.2223597658231023
AOI-0034,2018-09-05,0.11853806148182049
AOI-0034,2019-04-23,0.2014009781539793
AOI-0034,2019-05-18,0.16978486486386005
AOI-0034,2019-05-29,0.2096732939672147
AOI-0034,2019-06-04,0.14244178150965087
AOI-0034,2019-06-17,0.13319659878414652
AOI-0034,2019-06-22,0.13523125528522956
AOI-0034,2019-06-24,0.14545290841685865
AOI-0034,2019-06-27,0.13760332729415337
AOI-0034,2019-07-19,0.09937190644801396
AOI-0034,2019-07-29,0.12452649522480214
AOI-0034,2019-08-11,0.15983116417514662
AOI-0034,2019-08-13,0.16875025824374637
AOI-0034,2019-09-02,0.1520464919619183
AOI-0034,2019-09-14,0.2296301030295343
AOI-0034,2019-09-17,0.16705980277640778
AOI-0034,2019-10-22,0.6922808129183449
AOI-0034,2020-04-14,0.7715023067079079
AOI-0034,2020-04-17,0.7391453366971015
AOI-0034,2020-04-29,0.7473489249417028
AOI-0034,2020-05-04,0.535705617867369
AOI-0034,2020-05-24,0.6577788475923855
AOI-0034,2020-05-31,0.6416654678909403
AOI-0034,2020-06-03,0.645169638944093
AOI-0034,2020-07-10,0.14944058175282796
AOI-0034,2020-07-16,0.09872006056609517
AOI-0034,2020-07-23,0.1061399357227097
AOI-0034,2020-07-25,0.17233982975830645
AOI-0034,2020-07-28,0.12415804898848952
AOI-0034,2020-07-31,0.11392556306703737
AOI-0034,2020-08-07,0.13263386400211483
AOI-0034,2020-08-11,0.14129648199558756
AOI-0034,2020-09-03,0.13167072343545008
AOI-0034,2020-09-04,0.127892571959621
AOI-0034,2020-09-29,0.14861896727193002
AOI-0034,2020-10-15,0.19323349679632779
AOI-0034,2021-04-12,0.14183933870518356
AOI-0034,2021-04-22,0.14340768754894148
AOI-0034,2021-05-01,0.17156535292874306
AOI-0034,2021-05-07,0.14396632749138602
AOI-0034,2021-05-10,0.17379267671375112
AOI-0034,2021-05-29,0.15364121914921194
AOI-0034,2021-07-26,0.14707100587663596
AOI-0034,2021-07-28,0.16496603913718147
AOI-0034,2021-07-31,0.15541433540774607
AOI-0034,2021-08-02,0.13754600618152643
AOI-0034,2021-08-06,0.1861179473072405
AOI-0034,2021-08-17,0.1333439301161661
AOI-0034,2021-08-29,0.21104327946865373
AOI-0034,2021-09-11,0.1253913439068668
AOI-0034,2021-09-14,0.12894592494281373
AOI-0034,2021-09-15,0.13169612896293523
AOI-0034,2021-10-06,0.2937308030443109
AOI-0034,2021-10-09,0.3261406862305693
AOI-0034,2022-04-12,0.7394003679697845
AOI-0034,2022-05-29,0.840578070964609
AOI-0034,2022-06-11,0.5019330555403766
AOI-0034,2022-06-20,0.29583167912868835
AOI-0034,2022-06-30,0.24685664502485105
AOI-0034,2022-08-25,0.135686381599152
AOI-0034,2022-09-06,0.12832559055221215
AOI-0034,2022-09-09,0.12489973568910545
AOI-0034,2022-10-01,0.12509432758453343
AOI-0034,2022-10-06,0.135814589252463
AOI-0034,2023-04-04,0.1925963703007475
AOI-0034,2023-04-17,0.1815377277344377
AOI-0034,2023-04-23,0.34735497933139
AOI-0034,2023-05-31,0.17123583437218795
AOI-0034,2023-07-21,0.13516968032219698
AOI-0034,2023-07-23,0.10316333860811576
AOI-0034,2023-07-28,0.18974154582929695
AOI-0034,2023-08-08,0.15610602569383308
AOI-0034,2023-08-17,0.14184702569358149
AOI-0034,2023-09-26,0.2435594487738811
AOI-0034,2023-09-28,0.31566286489129897
AOI-0034,2023-09-30,0.3973324240642965
AOI-0034,2023-10-01,0.29517321806769053
AOI-0034,2024-04-28,0.774337199196972
AOI-0034,2024-05-09,0.809371163368741
AOI-0034,2024-05-10,0.8060059032946445
AOI-0034,2024-05-21,0.7258587657709855
AOI-0034,2024-06-26,0.25805890534357157
AOI-0034,2024-08-16,0.1294345001180502
AOI-0034,2024-09-06,0.15730366534315707
AOI-0034,2024-09-07,0.16010769123011737
AOI-0034,2024-09-13,0.13451112722645553
AOI-0034,2024-09-14,0.1606357955154547
AOI-0034,2024-10-05,0.13279152682727383
AOI-0034,2024-10-09,0.18271253911428695
AOI-0034,2024-10-15,0.2687833452596625
AOI-0034,2024-10-25,0.2330701297646476
AOI-0034,2024-10-30,0.22777552104317264
AOI-0036,2010-05-28,0.3499149210311641
AOI-0036,2010-06-10,0.4172095278186228
AOI-0036,2010-07-06,0.3252988149170628
AOI-0036,2010-07-07,0.2722246087697362
AOI-0036,2010-07-28,0.2616016708881234
AOI-0036,2010-07-30,0.2207773649042484
AOI-0036,2010-09-01,0.14655990230640045
AOI-0036,2010-09-14,0.20662914826141754
AOI-0036,2010-09-30,0.20421825409321945
AOI-0036,2011-07-01,0.39155258467597087
AOI-0036,2011-07-12,0.3625502003472439
AOI-0036,2012-04-22,0.5377853063319132
AOI-0036,2012-07-20,0.25428653447390526
AOI-0036,2012-07-27,0.2318903146384379
AOI-0036,2012-09-06,0.16216136086496236
AOI-0036,2012-09-13,0.1643841661955595
AOI-0036,2012-09-29,0.1793285960819551
AOI-0036,2012-10-15,0.18844808651453077
AOI-0036,2013-04-02,0.24368564136904292
AOI-0036,2013-06-10,0.3185341677675649
AOI-0036,2013-06-26,0.3516601496936539
AOI-0036,2013-06-28,0.27987951942321954
AOI-0036,2013-09-14,0.3841161806383852
AOI-0036,2013-10-10,0.30914785817190255
AOI-0036,2014-04-23,0.460826923197651
AOI-0036,2014-05-25,0.3768860094767178
AOI-0036,2014-06-24,0.2257642277942748
AOI-0036,2014-08-02,0.1547327177032447
AOI-0036,2014-10-05,0.16046357353643428
AOI-0036,2014-10-14,0.17463816549198516
AOI-0036,2015-05-25,0.46900252764142975
AOI-0036,2015-07-28,0.19577343631947353
AOI-0036,2015-08-06,0.183058368500175
AOI-0036,2015-09-06,0.11835465245368157
AOI-0036,2015-09-30,0.1819184039454445
AOI-0036,2016-06-09,0.32684916397718344
AOI-0036,2016-07-15,0.2916669764994616
AOI-0036,2016-07-27,0.3710690216413722
AOI-0036,2016-08-23,0.2108288098947964
AOI-0036,2016-09-25,0.19584557789696497
AOI-0036,2016-10-26,0.2285887572101613
AOI-0036,2017-04-12,0.3507237404034777
AOI-0036,2017-07-04,0.19731567266633465
AOI-0036,2017-07-25,0.19044774723239916
AOI-0036,2017-07-28,0.2720199382847799
AOI-0036,2017-08-18,0.19910856779638694
AOI-0036,2017-08-21,0.14757676541922266
AOI-0036,2017-08-26,0.1418765815472327
AOI-0036,2017-08-27,0.19079903057154418
AOI-0036,2017-09-04,0.13756573668854005
AOI-0036,2018-06-03,0.3446836180231311
AOI-0036,2018-06-26,0.21086985578559814
AOI-0036,2018-07-12,0.17765869004022122
AOI-0036,2018-08-22,0.15981911792155698
AOI-0036,2018-08-29,0.15836973660708087
AOI-0036,2018-09-05,0.14001190654942317
AOI-0036,2018-09-06,0.17976890873727847
AOI-0036,2018-10-01,0.16819787473501055
AOI-0036,2018-10-09,0.14588249359619107
AOI-0036,2018-10-12,0.2068532146331746
AOI-0036,2019-05-21,0.5148828625409015
AOI-0036,2019-05-25,0.515320518754444
AOI-0036,2019-05-29,0.5033523611620407
AOI-0036,2019-06-04,0.3120246567042506
AOI-0036,2019-06-17,0.1813709615254632
AOI-0036,2019-07-12,0.25133595619491245
AOI-0036,2019-07-28,0.33809081206364794
AOI-0036,2019-07-29,0.18897693521619807
AOI-0036,2019-08-01,0.2500800789584611
AOI-0036,2019-08-26,0.171186319512865
AOI-0036,2019-08-29,0.2213708509113702
AOI-0036,2019-09-15,0.13113876330192428
AOI-0036,2019-10-15,0.3409596490128374
AOI-0036,2019-10-19,0.39328589346208365
AOI-0036,2019-10-22,0.39907797898591285
AOI-0036,2020-04-04,0.4116922945784864
AOI-0036,2020-04-06,0.4925948046195524
AOI-0036,2020-05-24,0.47947507894162467
AOI-0036,2020-05-29,0.4314619924244325
AOI-0036,2020-06-11,0.34730899418038125
AOI-0036,2020-08-10,0.12497627593602383
AOI-0036,2020-08-19,0.18306841569756613
AOI-0036,2020-08-26,0.1703270133883686
AOI-0036,2020-08-28,0.19839462072518876
AOI-0036,2020-09-20,0.17116318362475688
AOI-0036,2020-10-19,0.1199490294442381
AOI-0036,2020-10-26,0.15387278922846623
AOI-0036,2021-06-26,0.32831377851746774
AOI-0036,2021-07-21,0.15253534841377403
AOI-0036,2021-07-26,0.16502763966664288
AOI-0036,2021-08-06,0.23569580478382662
AOI-0036,2021-08-17,0.211443045228499
AOI-0036,2021-10-14,0.31447205335293366
AOI-0036,2022-04-07,0.34667318158491695
AOI-0036,2022-06-14,0.28105689140794055
AOI-0036,2022-06-26,0.21101641756217515
AOI-0036,2022-07-07,0.209265672277667
AOI-0036,2022-07-21,0.15281242967341285
AOI-0036,2022-08-13,0.17972919196591874
AOI-0036,2022-08-22,0.15305629875603935
AOI-0036,2022-08-24,0.17353111216134473
AOI-0036,2022-09-14,0.19810346457292394
AOI-0036,2022-09-18,0.1578666001817226
AOI-0036,2023-04-17,0.4337289779487825
AOI-0036,2023-05-09,0.6426388720938955
AOI-0036,2023-06-18,0.40408434764523365
AOI-0036,2023-06-25,0.3825609430565318
AOI-0036,2023-07-02,0.3874840689556487
AOI-0036,2023-08-17,0.20499933896407713
AOI-0036,2023-09-29,0.17006092770041747
AOI-0036,2023-10-16,0.2499364856933605
AOI-0036,2023-10-23,0.14505363810390376
AOI-0036,2024-04-13,0.37916106241642006
AOI-0036,2024-05-06,0.5028564053981539
AOI-0036,2024-05-10,0.47750298998561047
AOI-0036,2024-05-16,0.510187991693154
AOI-0036,2024-05-18,0.4044019377189085
AOI-0036,2024-05-23,0.3316074916605381
AOI-0036,2024-06-07,0.17592246172415424
AOI-0036,2024-07-22,0.13456440810491502
AOI-0036,2024-07-25,0.14976698252398102
AOI-0036,2024-08-21,0.14625553252399065
AOI-0036,2024-08-28,0.18177642662914678
AOI-0036,2024-09-15,0.12828520245466607
AOI-0036,2024-09-22,0.16565614889399372
AOI-0036,2024-09-25,0.1325386855378155
AOI-0036,2024-09-28,0.14336474490482787
AOI-0039,2010-04-07,0.4236862511032311
AOI-0039,2010-05-04,0.4433662037054105
AOI-0039,2010-05-28,0.5395409877997855
AOI-0039,2010-07-15,0.45135243314296475
AOI-0039,2010-09-30,0.3710786885423989
AOI-0039,2012-04-06,0.4545002248182742
AOI-0039,2012-09-06,0.3855776829687632
AOI-0039,2013-04-05,0.342276182849511
AOI-0039,2013-06-13,0.4818806745324796
AOI-0039,2013-06-26,0.4541808582654964
AOI-0039,2013-07-12,0.3841564382576981
AOI-0039,2013-09-14,0.5749669256073127
AOI-0039,2014-04-07,0.5579379949746132
AOI-0039,2014-06-08,0.42312771214468936
AOI-0039,2014-06-23,0.4955439453345479
AOI-0039,2014-08-02,0.3334945151333917
AOI-0039,2014-09-04,0.3477433832678902
AOI-0039,2015-04-24,0.38043115423658147
AOI-0039,2015-05-10,0.5297513650589696
AOI-0039,2015-06-10,0.44087926146770157
AOI-0039,2015-07-28,0.39307382761680526
AOI-0039,2015-08-14,0.3125611070288656
AOI-0039,2015-08-21,0.29583748039747354
AOI-0039,2015-09-22,0.38856403823774366
AOI-0039,2015-09-23,0.4299287002131529
AOI-0039,2016-04-25,0.6331181445363312
AOI-0039,2016-05-08,0.6635664340937015
AOI-0039,2016-07-06,0.4193892217360182
AOI-0039,2016-09-08,0.2902938745175693
AOI-0039,2016-10-03,0.32909757710252374
AOI-0039,2016-10-15,0.41776772831004777
AOI-0039,2016-10-18,0.4156834574367075
AOI-0039,2017-04-13,0.38197685966425377
AOI-0039,2017-05-09,0.5674918950468103
AOI-0039,2017-08-13,0.40443093374953926
AOI-0039,2017-08-19,0.3606294993238954
AOI-0039,2017-09-10,0.46145134683889716
AOI-0039,2017-09-11,0.445539681269882
AOI-0039,2017-09-17,0.5164186435463646
AOI-0039,2017-09-22,0.5050439537436958
AOI-0039,2018-05-01,0.5826985330239304
AOI-0039,2018-08-14,0.42742935839571633
AOI-0039,2018-08-21,0.4256905454170421
AOI-0039,2018-08-29,0.38238116535888494
AOI-0039,2019-04-25,0.4895918495611018
AOI-0039,2019-06-02,0.6193115448489528
AOI-0039,2019-06-10,0.47623465286655
AOI-0039,2019-06-14,0.4869604839537584
AOI-0039,2019-07-04,0.368232930806303
AOI-0039,2019-07-17,0.275098026617363
AOI-0039,2019-08-01,0.5419782013427392
AOI-0039,2019-08-09,0.4945346409002397
AOI-0039,2019-08-11,0.5231829706384218
AOI-0039,2019-08-31,0.39852111068592005
AOI-0039,2019-09-12,0.35956861926008193
AOI-0039,2019-10-02,0.390727610176266
AOI-0039,2019-10-11,0.4818495243099963
AOI-0039,2019-10-12,0.2881080742750555
AOI-0039,2019-10-16,0.48317482462413053
AOI-0039,2019-10-17,0.46268813089226535
AOI-0039,2019-10-25,0.5252292938902393
AOI-0039,2020-04-12,0.3514299066648067
AOI-0039,2020-04-21,0.38106857373348474
AOI-0039,2020-04-24,0.4327873194989113
AOI-0039,2020-05-14,0.5128359507292168
AOI-0039,2020-05-29,0.4687877279649004
AOI-0039,2020-06-28,0.47247710246985575
AOI-0039,2020-07-23,0.35008833955874874
AOI-0039,2020-07-25,0.38697568576009156
AOI-0039,2020-07-26,0.34721547368309014
AOI-0039,2020-08-03,0.3935384549510953
AOI-0039,2020-08-07,0.2965860466715384
AOI-0039,2020-08-18,0.3184809946358938
AOI-0039,2020-08-19,0.3692292895601636
AOI-0039,2020-08-27,0.31662219471764597
AOI-0039,2020-09-09,0.3065532114324926
AOI-0039,2020-10-11,0.24843793043983411
AOI-0039,2020-10-26,0.2588417276585854
AOI-0039,2021-04-23,0.5640275911463157
AOI-0039,2021-05-12,0.5977179111971913
AOI-0039,2021-05-17,0.6256874158921034
AOI-0039,2021-05-22,0.6048441135292063
AOI-0039,2021-06-26,0.4918470175725868
AOI-0039,2021-07-26,0.5092991450324219
AOI-0039,2021-08-07,0.4216720053575502
AOI-0039,2021-08-25,0.4756619061999456
AOI-0039,2021-08-29,0.505127444648097
AOI-0039,2021-09-06,0.5367481019253767
AOI-0039,2021-09-19,0.45501935035915086
AOI-0039,2021-10-09,0.4618543320635473
AOI-0039,2022-04-12,0.38663163141229556
AOI-0039,2022-05-28,0.7701987658772097
AOI-0039,2022-06-05,0.7166568540987454
AOI-0039,2022-06-16,0.6086325956394832
AOI-0039,2022-07-06,0.5217925053655369
AOI-0039,2022-07-08,0.48293708913931027
AOI-0039,2022-08-13,0.3780146200565865
AOI-0039,2022-08-30,0.35428729561641453
AOI-0039,2022-10-01,0.4383396451917726
AOI-0039,2023-05-09,0.6098347223078519
AOI-0039,2023-06-13,0.7200913343243731
AOI-0039,2023-06-21,0.6337353910283153
AOI-0039,2023-06-23,0.6372436146543933
AOI-0039,2023-07-28,0.46709701762542843
AOI-0039,2023-07-31,0.4216902587845102
AOI-0039,2023-08-18,0.3765623242001173
AOI-0039,2023-09-30,0.43629261639470673
AOI-0039,2023-10-06,0.3969517125342436
AOI-0039,2023-10-11,0.41574232137433237
AOI-0039,2023-10-15,0.45778584651074344
AOI-0039,2023-10-29,0.41188265249795747
AOI-0039,2024-04-08,0.4598808257701227
AOI-0039,2024-05-23,0.590155444241332
AOI-0039,2024-06-09,0.4829715749948366
AOI-0039,2024-06-19,0.49517002336363214
AOI-0039,2024-07-15,0.34341029154915126
AOI-0039,2024-07-21,0.37722349372822134
AOI-0039,2024-08-21,0.30807566979726575
AOI-0039,2024-08-31,0.2889054914914724
AOI-0039,2024-09-13,0.3126452398161535
AOI-0039,2024-09-18,0.29700794203006414
AOI-0039,2024-10-30,0.249987043935588
AOI-0042,2010-06-04,0.18432022509478765
AOI-0042,2010-06-05,0.17170545204482368
AOI-0042,2010-07-15,0.1449703914620644
AOI-0042,2010-08-15,0.11022502750801653
AOI-0042,2010-08-31,0.1417637753518441
AOI-0042,2010-10-16,0.2062761565949466
AOI-0042,2011-05-14,0.5825909388189533
AOI-0042,2011-05-30,0.6906158796446151
AOI-0042,2011-07-02,0.24630522171638586
AOI-0042,2011-07-28,0.2342621396892611
AOI-0042,2011-08-13,0.2611325078709033
AOI-0042,2011-08-29,0.2743862066170469
AOI-0042,2011-09-27,0.25358379545936927
AOI-0042,2011-10-16,0.37213383177939624
AOI-0042,2012-06-25,0.2103575062306171
AOI-0042,2012-07-20,0.24774951243950966
AOI-0042,2012-08-28,0.2556774346258742
AOI-0042,2013-04-26,0.17161929223714964
AOI-0042,2013-05-11,0.22964812241834118
AOI-0042,2013-06-13,0.41700325089491747
AOI-0042,2013-09-08,0.28728800187149484
AOI-0042,2014-04-05,0.2507346262087712
AOI-0042,2014-06-16,0.283012624459381
AOI-0042,2014-10-16,0.17141889029981622
AOI-0042,2015-07-13,0.15510032339663796
AOI-0042,2015-08-29,0.19710060463042245
AOI-0042,2015-09-06,0.13650950628736758
AOI-0042,2015-09-23,0.2221311354369966
AOI-0042,2015-10-16,0.25638510744333026
AOI-0042,2016-06-21,0.27546525423096535
AOI-0042,2016-07-15,0.15090362393322873
AOI-0042,2016-08-16,0.17357020563488554
AOI-0042,2017-04-13,0.16145510638231672
AOI-0042,2017-04-28,0.18367356789282527
AOI-0042,2017-05-07,0.20254120073739726
AOI-0042,2017-05-23,0.2769614045238931
AOI-0042,2017-06-07,0.16741712987179283
AOI-0042,2017-06-08,0.19939367379766149
AOI-0042,2017-07-25,0.12034070959620398
AOI-0042,2017-07-26,0.19493900394733732
AOI-0042,2017-08-03,0.13710949953544355
AOI-0042,2017-08-06,0.13368903720829095
AOI-0042,2017-08-13,0.17297704262170666
AOI-0042,2017-08-19,0.13576109116764568
AOI-0042,2017-08-26,0.14791855723810765
AOI-0042,2017-10-05,0.17725679206359513
AOI-0042,2018-05-05,0.6629004542895837
AOI-0042,2018-05-25,0.5951754011191609
AOI-0042,2018-06-12,0.2890464584447932
AOI-0042,2018-08-21,0.21880713438862404
AOI-0042,2018-10-01,0.23465002317484598
AOI-0042,2019-04-10,0.16915067065274955
AOI-0042,2019-04-27,0.19727638428762317
AOI-0042,2019-06-21,0.18634848963854578
AOI-0042,2019-06-22,0.13227320157552275
AOI-0042,2019-08-03,0.12659465972760853
AOI-0042,2019-08-16,0.12969394075085833
AOI-0042,2019-08-26,0.12791699315146995
AOI-0042,2019-09-02,0.15081436893089928
AOI-0042,2019-09-10,0.1436665661064055
AOI-0042,2019-09-22,0.1179281493465046
AOI-0042,2019-10-19,0.4411440282297179
AOI-0042,2019-10-20,0.4026967445681455
AOI-0042,2019-10-28,0.4943471887038879
AOI-0042,2020-04-06,0.7341970708819684
AOI-0042,2020-05-04,0.7290536193455868
AOI-0042,2020-07-03,0.162803128853657
AOI-0042,2020-07-25,0.17086841513738524
AOI-0042,2020-08-27,0.11887345222311288
AOI-0042,2020-09-29,0.14162882460495785
AOI-0042,2021-04-07,0.2598877728854456
AOI-0042,2021-04-12,0.14692947658605643
AOI-0042,2021-05-17,0.17855350484490876
AOI-0042,2021-06-23,0.15874209175808424
AOI-0042,2021-07-01,0.12746623866206533
AOI-0042,2021-07-11,0.13930156389755002
AOI-0042,2021-07-13,0.1530713807978285
AOI-0042,2021-07-21,0.1294197394558937
AOI-0042,2021-07-28,0.16447163093368566
AOI-0042,2021-07-31,0.14207535747019054
AOI-0042,2021-08-17,0.1355459258968197
AOI-0042,2021-09-14,0.14145488022949174
AOI-0042,2022-04-12,0.5261247585457792
AOI-0042,2022-04-27,0.7334527848337923
AOI-0042,2022-05-09,0.8225665797942777
AOI-0042,2022-05-14,0.8002370042759934
AOI-0042,2022-05-25,0.7658973905104474
AOI-0042,2022-06-05,0.801245677659011
AOI-0042,2022-06-21,0.272810488404726
AOI-0042,2022-07-24,0.14004884947605753
AOI-0042,2022-08-10,0.14326186763787035
AOI-0042,2022-08-17,0.09964405968803533
AOI-0042,2022-09-14,0.16012210828409298
AOI-0042,2022-10-19,0.14634298293654738
AOI-0042,2023-04-23,0.280521208110438
AOI-0042,2023-05-02,0.16455041035899992
AOI-0042,2023-05-19,0.18403105199861747
AOI-0042,2023-06-08,0.16634448492146303
AOI-0042,2023-06-10,0.30510422359271816
AOI-0042,2023-06-21,0.146384545499677
AOI-0042,2023-06-23,0.15853141746046653
AOI-0042,2023-06-26,0.13642587201021572
AOI-0042,2023-07-03,0.13868640212717445
AOI-0042,2023-07-06,0.1354228451974124
AOI-0042,2023-07-28,0.19942901360109597
AOI-0042,2023-08-07,0.13688120110409346
AOI-0042,2023-08-08,0.15646939678610952
AOI-0042,2023-08-15,0.14518190135338055
AOI-0042,2023-08-20,0.14149920289914228
AOI-0042,2023-09-01,0.12797945248264025
AOI-0042,2023-10-01,0.14758537414689377
AOI-0042,2023-10-09,0.1911222114800123
AOI-0042,2023-10-30,0.4037869401648573
AOI-0042,2024-05-17,0.8071724418056295
AOI-0042,2024-05-23,0.7276770247738857
AOI-0042,2024-06-11,0.3326881516022435
AOI-0042,2024-06-18,0.2944089644303296
AOI-0042,2024-06-19,0.26571266127760795
AOI-0042,2024-07-02,0.17246340889563805
AOI-0042,2024-07-20,0.12512938433298954
AOI-0042,2024-07-29,0.17059921906090128
AOI-0042,2024-07-30,0.1189907153338385
AOI-0042,2024-08-12,0.1593142640522379
AOI-0042,2024-08-13,0.16334012418806373
AOI-0042,2024-08-16,0.12454689066619674
AOI-0042,2024-08-19,0.12804945614871355
AOI-0042,2024-08-21,0.1301861810100946
AOI-0042,2024-08-31,0.12558846318849967
AOI-0042,2024-09-15,0.12473454177161225
AOI-0042,2024-09-23,0.1481138073761568
AOI-0042,2024-09-25,0.13288066037019278
AOI-0042,2024-09-30,0.13310842739362505
AOI-0042,2024-10-01,0.15646102028041042
AOI-0042,2024-10-13,0.10293252239707117
AOI-0042,2024-10-30,0.15922160672367042
AOI-0047,2010-04-24,0.18847738775695097
AOI-0047,2010-05-09,0.3479203314644995
AOI-0047,2010-06-26,0.7296459803523802
AOI-0047,2010-07-21,0.7004498028055574
AOI-0047,2010-07-28,0.6458105828974396
AOI-0047,2011-05-25,0.6667406234816187
AOI-0047,2011-07-16,0.30471145167109165
AOI-0047,2011-08-13,0.26826308020254735
AOI-0047,2011-08-29,0.2691396163545191
AOI-0047,2012-07-02,0.5440826485521462
AOI-0047,2012-07-18,0.4054946319183157
AOI-0047,2012-09-29,0.27118049678855477
AOI-0047,2013-06-11,0.25950080879373627
AOI-0047,2013-07-21,0.2828808060429378
AOI-0047,2014-06-30,0.2869143905974958
AOI-0047,2014-07-12,0.2762370612174658
AOI-0047,2014-07-16,0.2558703596722542
AOI-0047,2015-06-01,0.7841945135762047
AOI-0047,2015-07-11,0.368491857294119
AOI-0047,2015-09-14,0.2561878535557193
AOI-0047,2016-06-25,0.7819183713086219
AOI-0047,2016-08-28,0.43418124443165956
AOI-0047,2016-09-13,0.39892941379559294
AOI-0047,2016-10-09,0.2793043556325747
AOI-0047,2017-04-03,0.1931077447367679
AOI-0047,2017-04-07,0.34465863184086026
AOI-0047,2017-04-28,0.34998740702314346
AOI-0047,2017-07-28,0.24015959164474726
AOI-0047,2018-05-09,0.36628403032918555
AOI-0047,2018-06-09,0.2201596240647806
AOI-0047,2018-06-10,0.2202451510581579
AOI-0047,2018-06-15,0.19157726931643743
AOI-0047,2018-07-02,0.2111735768627702
AOI-0047,2018-07-28,0.3113571661059769
AOI-0047,2018-09-29,0.21917910904216573
AOI-0047,2018-10-07,0.18731422989626337
AOI-0047,2019-05-27,0.8826007745874566
AOI-0047,2019-05-28,0.8889052270042762
AOI-0047,2019-06-15,0.5834917644293041
AOI-0047,2019-06-30,0.2847645982875895
AOI-0047,2019-08-19,0.3199541156771687
AOI-0047,2019-08-29,0.3131125090873363
AOI-0047,2019-08-31,0.26124606205128403
AOI-0047,2019-09-14,0.3200322935876002
AOI-0047,2019-09-30,0.3898462798227965
AOI-0047,2019-10-13,0.3801688584610405
AOI-0047,2019-10-16,0.4884928330532612
AOI-0047,2020-04-06,0.30145575799440877
AOI-0047,2020-04-30,0.21417205377040446
AOI-0047,2020-06-04,0.1927992211690846
AOI-0047,2020-06-16,0.17881982308666602
AOI-0047,2020-07-16,0.15402206652666506
AOI-0047,2020-08-03,0.13642740550531615
AOI-0047,2020-08-08,0.15611742674108545
AOI-0047,2020-10-05,0.1550534069815367
AOI-0047,2020-10-20,0.2407911499665872
AOI-0047,2020-10-22,0.15278350306463376
AOI-0047,2021-05-16,0.8333955357531516
AOI-0047,2021-05-17,0.8189728986782981
AOI-0047,2021-05-20,0.845578718792623
AOI-0047,2021-06-09,0.801881707476524
AOI-0047,2021-07-11,0.26422111651636593
AOI-0047,2021-07-19,0.20523093352885738
AOI-0047,2021-08-30,0.24655982239065935
AOI-0047,2021-09-02,0.17331938248849268
AOI-0047,2021-09-07,0.34972298248647166
AOI-0047,2021-10-16,0.6820022041966237
AOI-0047,2022-04-05,0.21642210113309274
AOI-0047,2022-04-10,0.26515777561444975
AOI-0047,2022-05-30,0.2282061129725921
AOI-0047,2022-06-04,0.19709637849497777
AOI-0047,2022-06-08,0.243358290596491
AOI-0047,2022-06-11,0.2244514803450448
AOI-0047,2022-06-19,0.25456668772140867
AOI-0047,2022-06-21,0.15589706511951504
AOI-0047,2022-07-14,0.16735424663507764
AOI-0047,2022-07-30,0.23286867284470072
AOI-0047,2022-08-07,0.22068964355133092
AOI-0047,2022-08-08,0.18794575399293792
AOI-0047,2022-08-10,0.1589708303902698
AOI-0047,2022-08-13,0.16631041617081113
AOI-0047,2022-08-30,0.1546114664095332
AOI-0047,2022-09-01,0.16937194172965547
AOI-0047,2022-10-18,0.3917236024866389
AOI-0047,2023-06-16,0.731397064672996
AOI-0047,2023-07-17,0.24730175841757185
AOI-0047,2023-07-25,0.2518974402292219
AOI-0047,2023-07-26,0.18846420482512052
AOI-0047,2023-08-05,0.16277482036106472
AOI-0047,2023-08-15,0.1580465518453062
AOI-0047,2023-09-17,0.1552491651776007
AOI-0047,2023-09-22,0.15725496716675824
AOI-0047,2023-09-27,0.17139374642956923
AOI-0047,2023-10-04,0.15061163528313645
AOI-0047,2023-10-22,0.13331799259022972
AOI-0047,2024-04-29,0.24142523253166856
AOI-0047,2024-05-04,0.24597140956767805
AOI-0047,2024-05-24,0.24475267575456347
AOI-0047,2024-06-10,0.19674977654961875
AOI-0047,2024-06-25,0.3553886431922279
AOI-0047,2024-07-30,0.20218312874165648
AOI-0047,2024-09-11,0.17491767895689847
AOI-0047,2024-10-08,0.12742016465657438
AOI-0047,2024-10-13,0.13379224601827
AOI-0047,2024-10-15,0.2390348547471112
AOI-0049,2010-08-04,0.5138241476895894
AOI-0049,2010-08-28,0.22506609664014413
AOI-0049,2010-09-05,0.1584277669808308
AOI-0049,2010-09-30,0.2885119615021696
AOI-0049,2011-04-26,0.5031185128086425
AOI-0049,2011-05-25,0.8353998788970062
AOI-0049,2011-05-27,0.845422286238622
AOI-0049,2011-06-12,0.8017970793338006
AOI-0049,2011-07-12,0.3721930704459177
AOI-0049,2011-09-08,0.1642320381993143
AOI-0049,2011-09-24,0.18766426802225367
AOI-0049,2011-10-11,0.21006219950224048
AOI-0049,2011-10-27,0.322344045348449
AOI-0049,2012-05-06,0.22212164703459256
AOI-0049,2012-05-08,0.3522676723246444
AOI-0049,2012-09-18,0.2194094027672387
AOI-0049,2012-10-15,0.33477463279506897
AOI-0049,2013-05-25,0.4428230436293779
AOI-0049,2013-06-17,0.5847570230976593
AOI-0049,2013-07-11,0.792119154493675
AOI-0049,2013-08-05,0.7230465197067674
AOI-0049,2013-08-20,0.34319390863172483
AOI-0049,2013-09-30,0.25281962740037744
AOI-0049,2013-10-24,0.2662285045487126
AOI-0049,2014-04-18,0.7687061377709602
AOI-0049,2014-05-09,0.8427684846053908
AOI-0049,2014-07-12,0.28725912009929233
AOI-0049,2014-09-16,0.2571198014098157
AOI-0049,2015-04-13,0.21832472042157824
AOI-0049,2015-05-22,0.34150821696133943
AOI-0049,2015-07-12,0.7959623149868763
AOI-0049,2015-07-25,0.7671852664858773
AOI-0049,2015-07-28,0.7089662466523775
AOI-0049,2015-09-30,0.21416961200438436
AOI-0049,2015-10-30,0.18354617258165484
AOI-0049,2016-04-22,0.8510439280850769
AOI-0049,2016-08-28,0.24139825948501714
AOI-0049,2016-09-14,0.30018391704203995
AOI-0049,2016-09-29,0.5062549149978903
AOI-0049,2017-06-21,0.8019062855452013
AOI-0049,2017-07-14,0.789991031864829
AOI-0049,2017-08-13,0.40430133338092095
AOI-0049,2017-09-13,0.25275538993387664
AOI-0049,2017-09-17,0.28066304127420977
AOI-0049,2018-05-09,0.814331750852653
AOI-0049,2018-06-16,0.3154573991777832
AOI-0049,2018-06-24,0.19619350596293897
AOI-0049,2018-07-10,0.12970108428450133
AOI-0049,2018-08-02,0.15805141781570858
AOI-0049,2018-08-10,0.17765103720511033
AOI-0049,2018-08-27,0.13301719826363131
AOI-0049,2018-09-18,0.15085873854344073
AOI-0049,2018-10-06,0.20718869223601133
AOI-0049,2019-04-21,0.2792579050241313
AOI-0049,2019-07-12,0.7110376372568715
AOI-0049,2019-09-03,0.2419355384492436
AOI-0049,2019-09-23,0.18141364826126613
AOI-0049,2020-04-02,0.5671179797506037
AOI-0049,2020-04-18,0.6819553922435289
AOI-0049,2020-04-25,0.7511409563059938
AOI-0049,2020-04-26,0.728010733566053
AOI-0049,2020-05-11,0.8554538207256601
AOI-0049,2020-05-28,0.7894432612167802
AOI-0049,2020-06-05,0.8381514696393306
AOI-0049,2020-07-15,0.167289337845789
AOI-0049,2020-07-31,0.1294220702176791
AOI-0049,2020-08-13,0.1512640072803905
AOI-0049,2020-08-15,0.15377808432560627
AOI-0049,2020-08-31,0.20013419743338173
AOI-0049,2020-09-02,0.15549587017537342
AOI-0049,2020-09-13,0.2541791888755302
AOI-0049,2020-09-27,0.12881699996287405
AOI-0049,2020-10-07,0.14615654077988494
AOI-0049,2021-04-23,0.4492024701505069
AOI-0049,2021-06-09,0.5801397407229613
AOI-0049,2021-07-18,0.7350166658730719
AOI-0049,2021-07-19,0.734593022028564
AOI-0049,2021-07-24,0.7545291787270124
AOI-0049,2021-08-08,0.6756298119882298
AOI-0049,2021-09-27,0.19980880006402327
AOI-0049,2021-09-28,0.3451060261570251
AOI-0049,2022-06-24,0.38547439697064356
AOI-0049,2022-07-13,0.25002645843441873
AOI-0049,2022-08-28,0.145940280694866
AOI-0049,2022-08-30,0.18259720554440786
AOI-0049,2022-09-06,0.17233726508701142
AOI-0049,2022-09-14,0.19430187750006134
AOI-0049,2022-10-08,0.19848817086054515
AOI-0049,2023-06-22,0.4920760127721679
AOI-0049,2023-06-23,0.47253786986242796
AOI-0049,2023-07-15,0.20094004187101547
AOI-0049,2023-07-23,0.26658858196363006
AOI-0049,2023-08-08,0.29155018647775227
AOI-0049,2023-08-24,0.39010900517474834
AOI-0049,2023-09-12,0.2680611066626327
AOI-0049,2023-09-14,0.30036128545776775
AOI-0049,2023-09-22,0.20801971769116193
AOI-0049,2023-10-02,0.17307169100814435
AOI-0049,2024-06-23,0.59164590342659
AOI-0049,2024-08-17,0.31347528206507513
AOI-0049,2024-08-28,0.29582399564645906
AOI-0049,2024-09-16,0.17324764949628282
AOI-0049,2024-09-29,0.22149435440887966
AOI-0049,2024-10-01,0.16222959211048366
AOI-0054,2010-07-19,0.7157552192942874
AOI-0054,2010-09-06,0.6271451186903609
AOI-0054,2010-09-30,0.5815622174261239
AOI-0054,2011-04-07,0.46549177722602386
AOI-0054,2011-05-09,0.7713575745321638
AOI-0054,2011-05-25,0.817206061739896
AOI-0054,2011-05-27,0.8063077801088886
AOI-0054,2011-06-10,0.7627422206305929
AOI-0054,2011-06-20,0.7992780488962401
AOI-0054,2011-08-23,0.6797411085298529
AOI-0054,2011-10-16,0.7026603375630482
AOI-0054,2012-07-09,0.7628530703806105
AOI-0054,2012-07-16,0.7275229793892687
AOI-0054,2012-08-26,0.6412315967121845
AOI-0054,2012-09-29,0.635197324926689
AOI-0054,2012-10-20,0.5830323400603225
AOI-0054,2013-08-21,0.7463195889792158
AOI-0054,2014-04-07,0.5708145060823997
AOI-0054,2014-05-09,0.8212403652048335
AOI-0054,2014-06-28,0.733688453638208
AOI-0054,2014-07-28,0.7144756730026277
AOI-0054,2014-08-07,0.7103550742433312
AOI-0054,2014-08-08,0.7103437050408232
AOI-0054,2014-08-13,0.6557902828209228
AOI-0054,2014-08-15,0.7272784945417359
AOI-0054,2014-10-11,0.6071871643544426
AOI-0054,2015-07-25,0.7364233615984463
AOI-0054,2015-08-26,0.7155254984558911
AOI-0054,2015-08-27,0.7705628521842361
AOI-0054,2015-08-29,0.7110078846054075
AOI-0054,2015-09-20,0.6262391470276433
AOI-0054,2015-10-06,0.5522634398081171
AOI-0054,2016-04-30,0.7601401934610944
AOI-0054,2016-07-03,0.7875501508120448
AOI-0054,2016-08-29,0.7907732456872152
AOI-0054,2016-09-29,0.715942048026447
AOI-0054,2017-05-03,0.7646134544593145
AOI-0054,2017-05-11,0.8122960764452951
AOI-0054,2017-05-19,0.8535981723703382
AOI-0054,2017-05-27,0.8250291308121246
AOI-0054,2017-06-10,0.7988710846400658
AOI-0054,2017-07-06,0.8021488617184658
AOI-0054,2017-09-01,0.6392502538764816
AOI-0054,2017-09-18,0.6494216249008002
AOI-0054,2017-09-24,0.6509416990168354
AOI-0054,2017-10-11,0.5490938938231412
AOI-0054,2018-04-04,0.39685909107690515
AOI-0054,2018-04-21,0.6134622917887438
AOI-0054,2018-04-28,0.718820057728809
AOI-0054,2018-04-29,0.7167167668440503
AOI-0054,2018-05-01,0.7313592152095024
AOI-0054,2018-05-11,0.799075078043588
AOI-0054,2018-06-15,0.7977095939961294
AOI-0054,2018-06-16,0.7928687712268934
AOI-0054,2018-07-09,0.6674124391582583
AOI-0054,2018-09-12,0.6716814967527829
AOI-0054,2018-10-13,0.6111964351871992
AOI-0054,2018-10-29,0.5492152180928705
AOI-0054,2019-04-07,0.6096628995656654
AOI-0054,2019-05-25,0.8348005374595642
AOI-0054,2019-05-31,0.8298041880449073
AOI-0054,2019-06-15,0.8274554864212711
AOI-0054,2019-06-18,0.8045736949276876
AOI-0054,2019-06-27,0.788371579090149
AOI-0054,2019-07-04,0.7906320484601321
AOI-0054,2019-07-05,0.8184418430746565
AOI-0054,2019-07-12,0.7906629090659019
AOI-0054,2019-07-28,0.7790881430238266
AOI-0054,2019-07-29,0.7820994148747494
AOI-0054,2019-08-14,0.8063761725468414
AOI-0054,2019-08-29,0.7249410285182686
AOI-0054,2019-08-30,0.7325791245829504
AOI-0054,2019-09-15,0.6092289494144862
AOI-0054,2019-10-09,0.6844470272044849
AOI-0054,2020-04-02,0.46469050222447417
AOI-0054,2020-04-09,0.47012610924741277
AOI-0054,2020-04-10,0.4557411165868963
AOI-0054,2020-04-22,0.6711088869494483
AOI-0054,2020-04-30,0.6485286178948315
AOI-0054,2020-05-11,0.7846992835930383
AOI-0054,2020-05-30,0.756414789098331
AOI-0054,2020-06-28,0.7446516186349771
AOI-0054,2020-08-03,0.7104329587588705
AOI-0054,2020-09-07,0.7269130261162627
AOI-0054,2020-09-09,0.7677551624982483
AOI-0054,2020-10-17,0.4616459890943486
AOI-0054,2020-10-27,0.3940111082961962
AOI-0054,2021-04-29,0.636580074256721
AOI-0054,2021-05-09,0.7799924856983229
AOI-0054,2021-05-20,0.7671749928725144
AOI-0054,2021-06-16,0.8021475081201639
AOI-0054,2021-07-02,0.760871515031722
AOI-0054,2021-07-18,0.7187394601905536
AOI-0054,2021-07-24,0.7427786662732299
AOI-0054,2021-09-07,0.7495348555492093
AOI-0054,2021-10-16,0.6244024272813525
AOI-0054,2021-10-22,0.576880203064276
AOI-0054,2021-10-30,0.5610032095233597
AOI-0054,2022-06-03,0.8665366442048517
AOI-0054,2022-06-10,0.8361316050853967
AOI-0054,2022-06-26,0.7663140848644431
AOI-0054,2022-07-12,0.7335326004990959
AOI-0054,2022-07-29,0.752783951788358
AOI-0054,2022-08-06,0.7798611386457978
AOI-0054,2022-08-18,0.7373332706481752
AOI-0054,2022-08-29,0.650535948497511
AOI-0054,2023-04-07,0.6850508351110003
AOI-0054,2023-04-23,0.7728474367769474
AOI-0054,2023-05-28,0.812624929030308
AOI-0054,2023-06-10,0.7454139396895365
AOI-0054,2023-06-22,0.8523632534103939
AOI-0054,2023-07-07,0.7756154579637123
AOI-0054,2023-09-07,0.775864204349003
AOI-0054,2023-10-11,0.6676223062290746
AOI-0054,2024-04-04,0.5751532664079931
AOI-0054,2024-05-07,0.8499304531355073
AOI-0054,2024-05-08,0.8198185950348561
AOI-0054,2024-05-22,0.8665840182616369
AOI-0054,2024-05-23,0.871775820153179
AOI-0054,2024-06-24,0.7929122737537387
AOI-0054,2024-07-13,0.7255929486858482
AOI-0054,2024-07-18,0.7312056232353507
AOI-0054,2024-08-18,0.7832614756966987
AOI-0054,2024-09-16,0.7333128191785859
AOI-0054,2024-09-21,0.7166969645110145
AOI-0054,2024-09-29,0.6407822188671424
AOI-0054,2024-10-05,0.6679023669016841
AOI-0054,2024-10-30,0.6748272412756093
AOI-0057,2010-04-15,0.2098560024241119
AOI-0057,2010-04-30,0.2526916506453458
AOI-0057,2010-05-01,0.26986314045910215
AOI-0057,2010-05-08,0.35449992425806626
AOI-0057,2010-06-10,0.6717000358045553
AOI-0057,2010-07-27,0.6165214333432484
AOI-0057,2010-08-05,0.5521555689085018
AOI-0057,2010-09-14,0.36641811405077057
AOI-0057,2011-05-25,0.8488024229719503
AOI-0057,2011-06-10,0.818951954882324
AOI-0057,2011-06-13,0.8284187929253913
AOI-0057,2011-07-07,0.3201029919936118
AOI-0057,2011-08-08,0.38297779279266086
AOI-0057,2011-09-16,0.21339800830016575
AOI-0057,2011-10-11,0.23486320446561598
AOI-0057,2012-07-16,0.8129958433040025
AOI-0057,2012-09-18,0.17773303773483956
AOI-0057,2013-04-07,0.6874481714812903
AOI-0057,2013-09-14,0.3136297085378553
AOI-0057,2013-09-22,0.2973138916042127
AOI-0057,2014-04-17,0.41225756957801407
AOI-0057,2014-04-18,0.383349336400149
AOI-0057,2014-04-25,0.5362135458150249
AOI-0057,2014-05-09,0.7976654413640758
AOI-0057,2014-06-05,0.8594046365739033
AOI-0057,2014-07-15,0.2672370804730562
AOI-0057,2014-07-23,0.3267857106439221
AOI-0057,2014-08-16,0.2049008830430331
AOI-0057,2014-08-23,0.1767709677867011
AOI-0057,2014-10-02,0.20005518667296227
AOI-0057,2014-10-11,0.22877628839300762
AOI-0057,2014-10-16,0.25666290819903276
AOI-0057,2015-05-25,0.8368429029375302
AOI-0057,2015-10-30,0.21288910178816
AOI-0057,2016-05-08,0.855175902226076
AOI-0057,2016-06-26,0.46332979356834464
AOI-0057,2016-07-28,0.3746378442729188
AOI-0057,2016-08-12,0.4209288158589037
AOI-0057,2017-05-04,0.28817333141407525
AOI-0057,2017-05-06,0.3194802135765493
AOI-0057,2017-06-10,0.8162471815243032
AOI-0057,2017-07-30,0.8250356601357225
AOI-0057,2017-08-08,0.7993545874119661
AOI-0057,2017-09-01,0.5269752462738831
AOI-0057,2017-09-14,0.44501640064433123
AOI-0057,2017-09-17,0.42113140397594045
AOI-0057,2017-09-25,0.30536006292486334
AOI-0057,2018-04-11,0.6629133996227176
AOI-0057,2018-05-06,0.9009001816537462
AOI-0057,2018-07-18,0.25264280962901836
AOI-0057,2018-08-02,0.22932491987585613
AOI-0057,2018-08-19,0.24557038275022047
AOI-0057,2018-08-26,0.21973158927938696
AOI-0057,2018-10-29,0.22204390067983296
AOI-0057,2019-04-11,0.17714817489284776
AOI-0057,2019-04-21,0.2874734502622347
AOI-0057,2019-05-01,0.23288657821575715
AOI-0057,2019-05-02,0.3670480961163269
AOI-0057,2019-05-06,0.3648076504109375
AOI-0057,2019-07-05,0.7201020234167602
AOI-0057,2019-07-20,0.5935846650097961
AOI-0057,2019-08-05,0.3407050290078098
AOI-0057,2019-08-21,0.2288009713638051
AOI-0057,2019-08-24,0.1395294348908835
AOI-0057,2019-09-23,0.10611005119248305
AOI-0057,2019-10-13,0.17961960674227753
AOI-0057,2019-10-25,0.20573922425949237
AOI-0057,2020-04-17,0.20116610375650004
AOI-0057,2020-08-15,0.1574011786173576
AOI-0057,2020-08-23,0.13651184401010247
AOI-0057,2020-09-09,0.19183067904672146
AOI-0057,2020-09-13,0.2304790810688427
AOI-0057,2020-09-25,0.1844197447462408
AOI-0057,2020-09-27,0.1314158495932525
AOI-0057,2020-09-29,0.22107618140308063
AOI-0057,2020-10-03,0.14117928741341088
AOI-0057,2021-04-15,0.4150361247642018
AOI-0057,2021-06-19,0.7909133063587158
AOI-0057,2021-08-13,0.3751205744457975
AOI-0057,2021-09-04,0.4529554898295731
AOI-0057,2022-05-27,0.5072572894552123
AOI-0057,2022-06-26,0.18838879215813448
AOI-0057,2022-06-29,0.16898818887398434
AOI-0057,2022-07-09,0.16183608791775356
AOI-0057,2022-07-12,0.2895311515184372
AOI-0057,2022-07-28,0.29161400815868793
AOI-0057,2022-08-03,0.14199134640989994
AOI-0057,2022-08-13,0.18400963267870418
AOI-0057,2022-08-18,0.17751711294881972
AOI-0057,2022-09-14,0.19889871489562122
AOI-0057,2022-10-17,0.319082395031247
AOI-0057,2023-04-26,0.8886732728509077
AOI-0057,2023-05-04,0.871545285764442
AOI-0057,2023-06-26,0.43426845968278766
AOI-0057,2023-07-12,0.4411254738680103
AOI-0057,2023-07-15,0.33412831267808846
AOI-0057,2023-08-23,0.3518052970244285
AOI-0057,2023-09-10,0.33842716032006
AOI-0057,2024-05-04,0.4656237104391963
AOI-0057,2024-05-06,0.5156638001581852
AOI-0057,2024-05-07,0.5380609415929244
AOI-0057,2024-05-22,0.7100921252498009
AOI-0057,2024-06-08,0.7917938992936143
AOI-0057,2024-06-16,0.8086490559123799
AOI-0057,2024-06-24,0.7316104679255548
AOI-0057,2024-07-18,0.400966169503015
AOI-0057,2024-07-28,0.38713702462465
AOI-0057,2024-09-13,0.23228433774163504
AOI-0066,2010-07-13,0.5913039300848931
AOI-0066,2011-05-25,0.8277413292147076
AOI-0066,2012-04-13,0.4331223476496676
AOI-0066,2012-07-11,0.3110656504370165
AOI-0066,2012-07-27,0.21497801899972732
AOI-0066,2012-09-20,0.23684473827943492
AOI-0066,2012-10-06,0.4041499709213402
AOI-0066,2012-10-22,0.46325400963714825
AOI-0066,2013-05-09,0.35590335134042195
AOI-0066,2013-05-25,0.4620596813855916
AOI-0066,2013-06-19,0.5614116138048914
AOI-0066,2013-09-23,0.20866069840552934
AOI-0066,2013-10-09,0.21481828375917064
AOI-0066,2014-04-03,0.5277472044527121
AOI-0066,2014-10-04,0.42598086322681966
AOI-0066,2015-04-06,0.7056326951840884
AOI-0066,2015-06-01,0.8006866927351555
AOI-0066,2015-07-27,0.3045371202146726
AOI-0066,2015-07-28,0.2825054951912636
AOI-0066,2015-09-29,0.23004979301897913
AOI-0066,2016-05-08,0.7951370329962567
AOI-0066,2016-06-03,0.7294182297196362
AOI-0066,2016-06-19,0.4230343049835757
AOI-0066,2016-06-27,0.25608798376929426
AOI-0066,2016-07-11,0.3526423834870703
AOI-0066,2016-08-12,0.3729860926585309
AOI-0066,2016-08-22,0.2800071354649319
AOI-0066,2017-05-09,0.8059312647272392
AOI-0066,2017-06-10,0.7388820025705909
AOI-0066,2017-08-13,0.2583745432107287
AOI-0066,2017-08-21,0.14446744952960947
AOI-0066,2018-05-09,0.6218847408492248
AOI-0066,2018-06-01,0.7881932616695134
AOI-0066,2018-07-02,0.7325223504697916
AOI-0066,2018-09-05,0.20047402182820473
AOI-0066,2018-10-08,0.19178293269596328
AOI-0066,2018-10-13,0.20535791735248343
AOI-0066,2019-04-07,0.748796000856366
AOI-0066,2019-04-28,0.8108584489934485
AOI-0066,2019-05-11,0.8223091550880361
AOI-0066,2019-06-20,0.2934426410562294
AOI-0066,2019-07-02,0.20744034703016814
AOI-0066,2019-07-14,0.25131803861568225
AOI-0066,2019-08-11,0.17582029612038366
AOI-0066,2019-08-29,0.1818565127154322
AOI-0066,2019-10-15,0.581491351918524
AOI-0066,2019-10-18,0.5977662369915068
AOI-0066,2020-05-08,0.7697426855786422
AOI-0066,2020-05-24,0.7624782797799065
AOI-0066,2020-05-30,0.6289121383689659
AOI-0066,2020-06-11,0.4769260446619563
AOI-0066,2020-07-11,0.19659950301143783
AOI-0066,2020-07-27,0.31346930904574166
AOI-0066,2020-08-09,0.17462937014700766
AOI-0066,2020-08-15,0.14797338553549508
AOI-0066,2020-09-07,0.136111210707694
AOI-0066,2021-05-12,0.23934233092444396
AOI-0066,2021-08-05,0.6846074703667668
AOI-0066,2021-08-20,0.40169366693323133
AOI-0066,2021-08-23,0.3857969971760968
AOI-0066,2021-09-27,0.20345437538148006
AOI-0066,2021-10-16,0.31303174193267846
AOI-0066,2021-10-27,0.2015393553229864
AOI-0066,2022-04-23,0.7563057348545726
AOI-0066,2022-04-25,0.8247653854225521
AOI-0066,2022-05-30,0.884674812107681
AOI-0066,2022-06-04,0.8573378932674922
AOI-0066,2022-07-12,0.2590858418163775
AOI-0066,2022-07-21,0.16639632065374765
AOI-0066,2022-07-22,0.25656628962147426
AOI-0066,2022-08-23,0.1739807967054374
AOI-0066,2022-09-08,0.19836569745189667
AOI-0066,2022-09-09,0.15506013894224552
AOI-0066,2022-09-18,0.1648263088795854
AOI-0066,2022-09-27,0.18334817586121221
AOI-0066,2022-09-29,0.155624407618995
AOI-0066,2022-10-02,0.17864355763183784
AOI-0066,2022-10-07,0.1949416294916116
AOI-0066,2022-10-18,0.24187605963682093
AOI-0066,2022-10-22,0.1499872098121739
AOI-0066,2023-04-04,0.23396784172343282
AOI-0066,2023-04-07,0.5198923302138455
AOI-0066,2023-05-15,0.7787893099822147
AOI-0066,2023-06-07,0.8521008872933737
AOI-0066,2023-06-10,0.7619610690486738
AOI-0066,2023-06-11,0.787886519297639
AOI-0066,2023-06-26,0.3524342551125824
AOI-0066,2023-07-04,0.25214049547512446
AOI-0066,2023-07-26,0.3605133120989645
AOI-0066,2023-08-08,0.24490026232556805
AOI-0066,2023-08-10,0.2384150200302408
AOI-0066,2023-08-13,0.21694116480616182
AOI-0066,2023-08-23,0.1585304050797977
AOI-0066,2023-09-07,0.14703793618394173
AOI-0066,2023-09-30,0.2647435418255947
AOI-0066,2023-10-13,0.2285894160669309
AOI-0066,2023-10-16,0.255760715920139
AOI-0066,2024-04-06,0.7624514104448716
AOI-0066,2024-05-21,0.8797733338488287
AOI-0066,2024-06-17,0.4633157980916789
AOI-0066,2024-06-23,0.3108655623718938
AOI-0066,2024-06-28,0.22983784363741716
AOI-0066,2024-07-05,0.16159128896845865
AOI-0066,2024-07-19,0.19662808466246778
AOI-0066,2024-08-09,0.15082816302533414
AOI-0066,2024-09-26,0.12366649805876785
AOI-0072,2010-04-07,0.3432673432223502
AOI-0072,2010-08-13,0.2726890250953035
AOI-0072,2010-08-15,0.1781530018832096
AOI-0072,2010-08-23,0.2060572098674512
AOI-0072,2010-08-30,0.1940376325795371
AOI-0072,2011-04-07,0.34584263540315086
AOI-0072,2011-05-05,0.2445048695522845
AOI-0072,2011-07-12,0.21248409647538366
AOI-0072,2011-07-24,0.16554253235940097
AOI-0072,2011-08-01,0.1576602726431773
AOI-0072,2011-09-03,0.19287691096247095
AOI-0072,2012-04-06,0.6542666336755143
AOI-0072,2012-10-15,0.1587648773872704
AOI-0072,2013-04-16,0.16636086275534676
AOI-0072,2013-05-02,0.1759138888034242
AOI-0072,2013-05-19,0.3050322025106435
AOI-0072,2013-07-29,0.2548734231407574
AOI-0072,2013-10-16,0.28047736746397833
AOI-0072,2014-04-23,0.6806070751732441
AOI-0072,2014-06-30,0.2634329314653834
AOI-0072,2014-07-17,0.2177185971223395
AOI-0072,2014-07-24,0.21723243725734165
AOI-0072,2014-08-17,0.26246433264591856
AOI-0072,2014-08-29,0.3165103436708494
AOI-0072,2014-09-03,0.24731701950835575
AOI-0072,2014-09-26,0.25607043516740363
AOI-0072,2014-10-28,0.21409891613774126
AOI-0072,2014-10-29,0.2425504379025782
AOI-0072,2015-04-07,0.26267907389178374
AOI-0072,2015-04-23,0.27500615737664835
AOI-0072,2015-08-04,0.18359159019680052
AOI-0072,2016-04-06,0.7544081060268134
AOI-0072,2016-04-09,0.7946194870620471
AOI-0072,2016-04-17,0.829799884262749
AOI-0072,2016-05-26,0.7585953335465385
AOI-0072,2016-06-27,0.23923116115961782
AOI-0072,2016-07-13,0.19998058143928008
AOI-0072,2016-08-22,0.2877025202720283
AOI-0072,2016-09-29,0.3208723599471163
AOI-0072,2017-04-03,0.1697221591728879
AOI-0072,2017-04-23,0.30052566046418655
AOI-0072,2017-05-29,0.21504759020679612
AOI-0072,2017-05-30,0.24130144425475683
AOI-0072,2017-07-12,0.21742446407878033
AOI-0072,2017-07-24,0.20005477829802507
AOI-0072,2017-07-25,0.16086996956011387
AOI-0072,2017-08-06,0.14072076631878375
AOI-0072,2017-08-29,0.22937007684697538
AOI-0072,2017-09-03,0.191389906429748
AOI-0072,2017-09-20,0.29780404278833716
AOI-0072,2017-09-26,0.4389691299317347
AOI-0072,2017-10-12,0.49113287454441057
AOI-0072,2018-04-07,0.5291039954689853
AOI-0072,2018-04-15,0.6225456978178994
AOI-0072,2018-05-01,0.7541970982386947
AOI-0072,2018-05-03,0.7456678232830851
AOI-0072,2018-06-07,0.3844237051843631
AOI-0072,2018-08-05,0.1740731761377781
AOI-0072,2018-08-28,0.18840399287172313
AOI-0072,2018-09-06,0.18391853443062484
AOI-0072,2018-09-22,0.1741395824829105
AOI-0072,2019-04-25,0.18215751242803477
AOI-0072,2019-04-26,0.16726032638521843
AOI-0072,2019-05-04,0.22616361172449714
AOI-0072,2019-05-28,0.21000637310900222
AOI-0072,2019-06-12,0.18125505472703388
AOI-0072,2019-07-14,0.21067138501484836
AOI-0072,2019-07-17,0.15620084615321125
AOI-0072,2019-08-06,0.10388768311759579
AOI-0072,2019-08-16,0.15137127919911508
AOI-0072,2019-09-09,0.19783395836610163
AOI-0072,2019-09-14,0.26274890519157074
AOI-0072,2019-09-17,0.1727757987241934
AOI-0072,2019-09-30,0.4524578111178977
AOI-0072,2019-10-15,0.6286372047687541
AOI-0072,2019-10-20,0.6409578826867977
AOI-0072,2019-10-27,0.676509892772118
AOI-0072,2020-04-06,0.7152212820952976
AOI-0072,2020-04-27,0.6694942949116
AOI-0072,2020-05-08,0.8147674927037765
AOI-0072,2020-05-24,0.7793301100829242
AOI-0072,2020-06-30,0.2502807508978642
AOI-0072,2020-09-19,0.10961929500415353
AOI-0072,2020-09-24,0.11861845871541861
AOI-0072,2020-09-26,0.11916950194672415
AOI-0072,2020-10-05,0.127616562421335
AOI-0072,2020-10-14,0.13450610163205856
AOI-0072,2020-10-21,0.13547150327483407
AOI-0072,2021-04-22,0.17430062026251078
AOI-0072,2021-07-11,0.19465977707160007
AOI-0072,2021-08-29,0.3029725293694057
AOI-0072,2022-04-10,0.19638089354052418
AOI-0072,2022-04-26,0.22880596856040927
AOI-0072,2022-06-29,0.16611406110897575
AOI-0072,2022-07-15,0.1644864631412596
AOI-0072,2022-08-23,0.1655125108309948
AOI-0072,2022-08-27,0.146693373412255
AOI-0072,2023-04-29,0.8071309585747982
AOI-0072,2023-06-25,0.2883483856221833
AOI-0072,2023-07-21,0.1749741621594021
AOI-0072,2023-07-22,0.1951172500992772
AOI-0072,2023-07-26,0.18587566546018564
AOI-0072,2023-08-02,0.2062416491633296
AOI-0072,2023-08-03,0.23166718450952056
AOI-0072,2023-08-05,0.18768423161970185
AOI-0072,2023-08-13,0.26672425560299784
AOI-0072,2023-08-23,0.24387567689692233
AOI-0072,2023-09-19,0.225652718906572
AOI-0072,2023-10-29,0.24915417213258614
AOI-0072,2024-04-01,0.18452487700871448
AOI-0072,2024-05-09,0.17518663077973196
AOI-0072,2024-05-21,0.17428315992894555
AOI-0072,2024-06-09,0.2438810995518619
AOI-0072,2024-06-30,0.14818098945907288
AOI-0072,2024-07-11,0.19070108304250638
AOI-0072,2024-07-25,0.14979588117682563
AOI-0072,2024-08-20,0.1781689623487945
AOI-0072,2024-09-08,0.14907947919820422
AOI-0072,2024-09-22,0.1829421060268595
AOI-0072,2024-09-30,0.13941542482300567
AOI-0078,2010-04-15,0.2111000906774007
AOI-0078,2010-05-01,0.2971183828903012
AOI-0078,2010-06-09,0.5857814157689181
AOI-0078,2010-07-04,0.4595730842907281
AOI-0078,2011-04-01,0.14765395454623056
AOI-0078,2011-07-06,0.793360299168995
AOI-0078,2011-08-08,0.6367425536423831
AOI-0078,2011-08-13,0.6166382352555018
AOI-0078,2011-09-14,0.49114605811212697
AOI-0078,2011-09-17,0.38138772525882897
AOI-0078,2011-09-24,0.34622706845972834
AOI-0078,2012-06-07,0.7127336157233748
AOI-0078,2012-09-27,0.3064290528167383
AOI-0078,2012-10-04,0.25015181890767485
AOI-0078,2013-04-03,0.25884210574235283
AOI-0078,2013-07-11,0.46299676040974863
AOI-0078,2013-07-28,0.4764735191869323
AOI-0078,2013-08-29,0.3715613619378781
AOI-0078,2013-10-16,0.3695499019851199
AOI-0078,2014-06-26,0.8314658935366449
AOI-0078,2014-07-31,0.6342248686647295
AOI-0078,2015-07-01,0.5243727563234977
AOI-0078,2015-09-11,0.2164703399441177
AOI-0078,2016-04-22,0.3179702928072041
AOI-0078,2016-07-04,0.8322251892723952
AOI-0078,2016-09-22,0.7336195231728734
AOI-0078,2016-10-24,0.2963070294233242
AOI-0078,2017-04-29,0.19753953370272
AOI-0078,2017-05-03,0.25291756334150717
AOI-0078,2017-05-06,0.24236629864129544
AOI-0078,2017-05-09,0.5215772677709518
AOI-0078,2017-09-30,0.3291205053622463
AOI-0078,2018-06-07,0.7155241641546237
AOI-0078,2018-06-18,0.5221661510461487
AOI-0078,2018-07-10,0.25602176005376365
AOI-0078,2018-08-10,0.4392078919426198
AOI-0078,2018-09-12,0.2354435088693699
AOI-0078,2018-09-28,0.2380132649981901
AOI-0078,2018-10-01,0.22082451528604488
AOI-0078,2018-10-14,0.20671052213924643
AOI-0078,2019-04-07,0.2892306655680741
AOI-0078,2019-04-23,0.21769928465407942
AOI-0078,2019-05-06,0.189806365882274
AOI-0078,2019-05-16,0.2921360334390035
AOI-0078,2019-05-24,0.29890700007255705
AOI-0078,2019-06-02,0.5036260224147033
AOI-0078,2019-06-10,0.6512170300714091
AOI-0078,2019-06-13,0.6703747379342465
AOI-0078,2019-06-25,0.6615322887476373
AOI-0078,2019-07-04,0.6513921839407367
AOI-0078,2019-07-23,0.7192158275155224
AOI-0078,2019-07-28,0.7686974789174249
AOI-0078,2019-08-07,0.773793903634869
AOI-0078,2019-08-09,0.7629894597104817
AOI-0078,2019-08-21,0.8488041246942561
AOI-0078,2019-08-29,0.8410109059447084
AOI-0078,2019-09-13,0.7922910742196249
AOI-0078,2019-09-28,0.4706194639907212
AOI-0078,2019-10-16,0.3825983915013764
AOI-0078,2020-04-05,0.14587627484700538
AOI-0078,2020-04-06,0.2897823557884714
AOI-0078,2020-04-23,0.407036023435502
AOI-0078,2020-05-19,0.838645039465879
AOI-0078,2020-06-12,0.8164360935691843
AOI-0078,2020-06-28,0.3452010324126333
AOI-0078,2020-07-24,0.15689870454120222
AOI-0078,2020-08-06,0.26190395498816393
AOI-0078,2020-08-08,0.14210336053853784
AOI-0078,2020-08-12,0.23966217194591355
AOI-0078,2020-09-08,0.1722358952634144
AOI-0078,2020-09-15,0.12911781202346606
AOI-0078,2020-09-24,0.14575028806832832
AOI-0078,2020-09-25,0.16352182370192428
AOI-0078,2020-10-15,0.18499898160992861
AOI-0078,2020-10-22,0.11118270645756619
AOI-0078,2020-10-26,0.11573206792793521
AOI-0078,2021-04-10,0.14519622272430574
AOI-0078,2021-05-14,0.34298506032145065
AOI-0078,2021-05-15,0.3286056618418941
AOI-0078,2021-05-25,0.5703474555647893
AOI-0078,2021-06-17,0.7949589268255415
AOI-0078,2021-06-22,0.7719995247247655
AOI-0078,2021-06-23,0.785339719107524
AOI-0078,2021-06-26,0.7475035757833354
AOI-0078,2021-07-09,0.6824053410390186
AOI-0078,2021-08-01,0.5109023942106137
AOI-0078,2021-08-21,0.43760881774611904
AOI-0078,2021-08-29,0.63196209050516
AOI-0078,2021-09-03,0.5580516474751567
AOI-0078,2021-09-15,0.5314219616156375
AOI-0078,2021-10-27,0.24688272118637197
AOI-0078,2021-10-30,0.2556037313216749
AOI-0078,2022-04-07,0.3284093215016833
AOI-0078,2022-05-03,0.6576501010051118
AOI-0078,2022-06-19,0.713199357275766
AOI-0078,2022-06-27,0.5398036435833989
AOI-0078,2022-07-17,0.22064523543986297
AOI-0078,2022-07-24,0.16113334759307416
AOI-0078,2022-08-01,0.16855380532148206
AOI-0078,2022-09-17,0.217142913489246
AOI-0078,2022-09-20,0.2554174098788989
AOI-0078,2022-10-01,0.38570638041476846
AOI-0078,2022-10-08,0.43322749983945447
AOI-0078,2022-10-15,0.524879108365749
AOI-0078,2023-05-12,0.8520907265487238
AOI-0078,2023-06-02,0.8302330609036902
AOI-0078,2023-07-02,0.5306732949355841
AOI-0078,2023-07-31,0.20006178448311338
AOI-0078,2023-08-03,0.1461749367012909
AOI-0078,2023-08-29,0.2851263794404852
AOI-0078,2023-09-29,0.135574565035571
AOI-0078,2023-10-03,0.17981264939860073
AOI-0078,2024-04-04,0.22432192849536983
AOI-0078,2024-04-13,0.24751978232263114
AOI-0078,2024-04-14,0.21373034805643248
AOI-0078,2024-04-22,0.38588989802591606
AOI-0078,2024-05-04,0.43024424365288794
AOI-0078,2024-05-06,0.4748358865853129
AOI-0078,2024-05-17,0.580213101661614
AOI-0078,2024-05-19,0.5075002675609672
AOI-0078,2024-05-29,0.6232606398050664
AOI-0078,2024-06-09,0.6261767958020465
AOI-0078,2024-06-25,0.4924816746831584
AOI-0078,2024-07-08,0.2519615446577212
AOI-0078,2024-07-13,0.21278294333650372
AOI-0078,2024-07-17,0.24688293666431763
AOI-0078,2024-07-25,0.30297175737959386
AOI-0078,2024-08-18,0.24981605368061077
AOI-0078,2024-08-26,0.21570528825763402
AOI-0078,2024-09-21,0.17710155735587912
AOI-0078,2024-10-22,0.23741522957347416
AOI-0078,2024-10-30,0.24389613324438147
