anon_polygon_id,start,end,duration_days,severity,min_zscore,mean_zscore,cause,cause_confidence,climatology_source,explanation
AOI-0001,2010-06-16,2010-07-17,32,suppression,-1.19,-1.08,non_weather,0.35,polygon,"Осадков 26 мм при норме 40 мм (65 процентов), температура отличается от нормы на 1.3 градуса. Ни один погодный порог не превышен, хотя осадков заметно меньше нормы. Погода объясняет просадку лишь отчасти: проверяйте агротехнику, состояние семян, болезни и вредителей."
AOI-0001,2010-08-25,2010-09-08,15,suppression,-1.43,-1.22,non_weather,0.35,polygon,"Осадков 13 мм при норме 21 мм (61 процентов), температура отличается от нормы на 0.9 градуса. Ни один погодный порог не превышен, хотя осадков заметно меньше нормы. Погода объясняет просадку лишь отчасти: проверяйте агротехнику, состояние семян, болезни и вредителей."
AOI-0001,2011-04-01,2011-06-02,63,critical,-2.4,-1.46,non_weather,0.35,polygon,"Осадков 55 мм при норме 69 мм (80 процентов), температура отличается от нормы на -1.7 градуса. Ни один погодный порог не превышен, хотя температура отклонена от нормы на -1.7 градуса. Погода объясняет просадку лишь отчасти: проверяйте агротехнику, состояние семян, болезни и вредителей."
AOI-0001,2013-06-05,2013-07-04,30,suppression,-1.7,-1.42,non_weather,0.5,polygon,"Осадков 44 мм при норме 42 мм (105 процентов), температура отличается от нормы на 0.9 градуса — ни засухи, ни жары, ни холода, ни переувлажнения за эти 30 дней не было. Погода отклонение не объясняет: проверяйте агротехнику, состояние семян, болезни и вредителей."
AOI-0001,2014-04-08,2014-05-26,49,suppression,-1.96,-1.41,non_weather,0.5,polygon,"Осадков 41 мм при норме 58 мм (71 процентов), температура отличается от нормы на 1.3 градуса — ни засухи, ни жары, ни холода, ни переувлажнения за эти 49 дней не было. Погода отклонение не объясняет: проверяйте агротехнику, состояние семян, болезни и вредителей."
AOI-0001,2016-04-06,2016-05-06,31,suppression,-1.24,-1.08,non_weather,0.5,polygon,"Осадков 34 мм при норме 47 мм (73 процентов), температура отличается от нормы на 1.0 градуса — ни засухи, ни жары, ни холода, ни переувлажнения за эти 31 дней не было. Погода отклонение не объясняет: проверяйте агротехнику, состояние семян, болезни и вредителей."
AOI-0001,2016-05-25,2016-06-20,27,suppression,-1.97,-1.42,cold,0.55,polygon,"Средняя температура за период на 2.6 градуса ниже нормы. Похолодание пришлось на фазу активного роста (день года 146): набор биомассы приостановился. Такое угнетение обычно обратимо, но сдвигает развитие на одну-две недели."
AOI-0001,2018-06-17,2018-07-23,37,suppression,-1.35,-1.14,non_weather,0.35,polygon,"Осадков 48 мм при норме 38 мм (126 процентов), температура отличается от нормы на 1.6 градуса. Ни один погодный порог не превышен, хотя температура отклонена от нормы на 1.6 градуса. Погода объясняет просадку лишь отчасти: проверяйте агротехнику, состояние семян, болезни и вредителей."
AOI-0001,2019-04-01,2019-05-07,37,suppression,-1.98,-1.23,non_weather,0.5,polygon,"Осадков 37 мм при норме 47 мм (79 процентов), температура отличается от нормы на -0.1 градуса — ни засухи, ни жары, ни холода, ни переувлажнения за эти 37 дней не было. Погода отклонение не объясняет: проверяйте агротехнику, состояние семян, болезни и вредителей."
AOI-0001,2019-09-18,2019-09-24,7,critical,-2.04,-1.44,cold,0.35,polygon,"Температура за период на 6.1 градуса ниже нормы, но это конец сезона (день года 261). Для созревающего посева холод означает ускоренное естественное отмирание, а не угнетение. Отдельного вмешательства обычно не требует."
AOI-0001,2020-07-01,2020-08-02,33,suppression,-1.25,-1.09,non_weather,0.5,polygon,"Осадков 30 мм при норме 31 мм (97 процентов), температура отличается от нормы на 0.6 градуса — ни засухи, ни жары, ни холода, ни переувлажнения за эти 33 дней не было. Погода отклонение не объясняет: проверяйте агротехнику, состояние семян, болезни и вредителей."
AOI-0001,2021-04-01,2021-04-17,17,suppression,-1.4,-1.16,excess_water,0.55,polygon,Осадков выпало в 2.6 раза больше нормы. Возможно переувлажнение и подтопление посевов.
AOI-0001,2021-05-22,2021-06-15,25,critical,-2.16,-1.59,non_weather,0.35,polygon,"Осадков 95 мм при норме 52 мм (182 процентов), температура отличается от нормы на -1.9 градуса. Ни один погодный порог не превышен, хотя осадков заметно больше нормы, температура отклонена от нормы на -1.9 градуса. Погода объясняет просадку лишь отчасти: проверяйте агротехнику, состояние семян, болезни и вредителей."
AOI-0001,2022-09-16,2022-09-22,7,critical,-2.62,-2.33,abrupt,0.6,polygon,"Резкое падение индекса на 2.4 стандартных отклонения за декаду. Похоже на одномоментное событие: уборку, потраву или механическое повреждение посева."
AOI-0001,2023-07-14,2023-07-24,11,suppression,-1.07,-0.95,cold,0.35,polygon,"Температура за период на 2.6 градуса ниже нормы, но это конец сезона (день года 195). Для созревающего посева холод означает ускоренное естественное отмирание, а не угнетение. Отдельного вмешательства обычно не требует."
AOI-0001,2023-10-23,2023-10-31,9,critical,-3.2,-2.43,heat,0.6,polygon,Средняя температура за период выше нормы на 5.8 градуса при достаточном увлажнении. Вероятен температурный стресс.
AOI-0001,2024-08-20,2024-09-01,13,suppression,-1.24,-1.04,drought,0.85,polygon,"Осадков за 30 дней выпало 6 мм при норме 20 мм, это 28 процентов от нормы. Наиболее вероятен дефицит влаги. При этом температура выше нормы на 3.5 градуса."
AOI-0001,2025-04-16,2025-05-30,45,critical,-2.89,-1.66,non_weather,0.35,polygon,"Осадков 41 мм при норме 62 мм (67 процентов), температура отличается от нормы на 0.1 градуса. Ни один погодный порог не превышен, хотя осадков заметно меньше нормы. Погода объясняет просадку лишь отчасти: проверяйте агротехнику, состояние семян, болезни и вредителей."
AOI-0002,2025-06-06,2025-06-18,13,suppression,-1.54,-1.36,unknown,0.14,crop,"Отклонение от нормы устойчивое, но погодных данных на этот период нет, поэтому версию причины проверить не на чем. Нужен осмотр поля. Внимание: у этого поля нет собственной истории наблюдений, норма взята средняя по культуре. Оценка ориентировочная, глубина отклонения может быть завышена или занижена."
AOI-0003,2025-06-25,2025-09-08,76,suppression,-1.8,-1.19,unknown,0.14,crop,"Отклонение от нормы устойчивое, но погодных данных на этот период нет, поэтому версию причины проверить не на чем. Нужен осмотр поля. Внимание: у этого поля нет собственной истории наблюдений, норма взята средняя по культуре. Оценка ориентировочная, глубина отклонения может быть завышена или занижена."
AOI-0006,2025-04-14,2025-05-29,46,suppression,-1.92,-1.39,unknown,0.14,crop,"Отклонение от нормы устойчивое, но погодных данных на этот период нет, поэтому версию причины проверить не на чем. Нужен осмотр поля. Внимание: у этого поля нет собственной истории наблюдений, норма взята средняя по культуре. Оценка ориентировочная, глубина отклонения может быть завышена или занижена."
AOI-0007,2025-07-26,2025-08-10,16,suppression,-1.62,-1.2,unknown,0.14,crop,"Отклонение от нормы устойчивое, но погодных данных на этот период нет, поэтому версию причины проверить не на чем. Нужен осмотр поля. Внимание: у этого поля нет собственной истории наблюдений, норма взята средняя по культуре. Оценка ориентировочная, глубина отклонения может быть завышена или занижена."
AOI-0007,2025-09-01,2025-09-06,6,suppression,-1.14,-1.1,unknown,0.14,crop,"Отклонение от нормы устойчивое, но погодных данных на этот период нет, поэтому версию причины проверить не на чем. Нужен осмотр поля. Внимание: у этого поля нет собственной истории наблюдений, норма взята средняя по культуре. Оценка ориентировочная, глубина отклонения может быть завышена или занижена."
AOI-0008,2025-06-30,2025-07-08,9,suppression,-1.14,-1.08,unknown,0.14,crop,"Отклонение от нормы устойчивое, но погодных данных на этот период нет, поэтому версию причины проверить не на чем. Нужен осмотр поля. Внимание: у этого поля нет собственной истории наблюдений, норма взята средняя по культуре. Оценка ориентировочная, глубина отклонения может быть завышена или занижена."
AOI-0008,2025-07-30,2025-08-08,10,suppression,-1.1,-1.03,unknown,0.14,crop,"Отклонение от нормы устойчивое, но погодных данных на этот период нет, поэтому версию причины проверить не на чем. Нужен осмотр поля. Внимание: у этого поля нет собственной истории наблюдений, норма взята средняя по культуре. Оценка ориентировочная, глубина отклонения может быть завышена или занижена."
AOI-0008,2025-08-21,2025-08-26,6,suppression,-1.14,-0.99,unknown,0.14,crop,"Отклонение от нормы устойчивое, но погодных данных на этот период нет, поэтому версию причины проверить не на чем. Нужен осмотр поля. Внимание: у этого поля нет собственной истории наблюдений, норма взята средняя по культуре. Оценка ориентировочная, глубина отклонения может быть завышена или занижена."
AOI-0009,2025-06-06,2025-07-18,43,suppression,-1.89,-1.21,unknown,0.14,crop,"Отклонение от нормы устойчивое, но погодных данных на этот период нет, поэтому версию причины проверить не на чем. Нужен осмотр поля. Внимание: у этого поля нет собственной истории наблюдений, норма взята средняя по культуре. Оценка ориентировочная, глубина отклонения может быть завышена или занижена."
AOI-0009,2025-09-02,2025-09-10,9,suppression,-1.64,-1.3,unknown,0.14,crop,"Отклонение от нормы устойчивое, но погодных данных на этот период нет, поэтому версию причины проверить не на чем. Нужен осмотр поля. Внимание: у этого поля нет собственной истории наблюдений, норма взята средняя по культуре. Оценка ориентировочная, глубина отклонения может быть завышена или занижена."
AOI-0010,2011-04-14,2011-04-23,10,suppression,-1.67,-1.37,unknown,0.2,polygon,"Отклонение от нормы устойчивое, но погодных данных на этот период нет, поэтому версию причины проверить не на чем. Нужен осмотр поля."
AOI-0010,2012-04-01,2012-06-10,71,critical,-2.42,-1.66,unknown,0.2,polygon,"Отклонение от нормы устойчивое, но погодных данных на этот период нет, поэтому версию причины проверить не на чем. Нужен осмотр поля."
AOI-0010,2014-09-22,2014-10-31,40,suppression,-1.7,-1.13,unknown,0.2,polygon,"Отклонение от нормы устойчивое, но погодных данных на этот период нет, поэтому версию причины проверить не на чем. Нужен осмотр поля."
AOI-0010,2015-04-01,2015-06-12,73,critical,-3.04,-2.26,unknown,0.2,polygon,"Отклонение от нормы устойчивое, но погодных данных на этот период нет, поэтому версию причины проверить не на чем. Нужен осмотр поля."
AOI-0010,2017-08-04,2017-08-21,18,suppression,-1.57,-1.33,unknown,0.2,polygon,"Отклонение от нормы устойчивое, но погодных данных на этот период нет, поэтому версию причины проверить не на чем. Нужен осмотр поля."
AOI-0010,2018-08-20,2018-09-22,34,suppression,-1.42,-1.12,unknown,0.2,polygon,"Отклонение от нормы устойчивое, но погодных данных на этот период нет, поэтому версию причины проверить не на чем. Нужен осмотр поля."
AOI-0010,2018-10-05,2018-10-14,10,suppression,-1.45,-1.2,unknown,0.2,polygon,"Отклонение от нормы устойчивое, но погодных данных на этот период нет, поэтому версию причины проверить не на чем. Нужен осмотр поля."
AOI-0010,2019-06-17,2019-07-18,32,suppression,-1.79,-1.14,unknown,0.2,polygon,"Отклонение от нормы устойчивое, но погодных данных на этот период нет, поэтому версию причины проверить не на чем. Нужен осмотр поля."
AOI-0010,2019-08-25,2019-09-06,13,suppression,-1.19,-1.03,unknown,0.2,polygon,"Отклонение от нормы устойчивое, но погодных данных на этот период нет, поэтому версию причины проверить не на чем. Нужен осмотр поля."
AOI-0010,2020-07-01,2020-10-31,123,critical,-2.16,-1.1,unknown,0.2,polygon,"Отклонение от нормы устойчивое, но погодных данных на этот период нет, поэтому версию причины проверить не на чем. Нужен осмотр поля."
AOI-0010,2021-04-01,2021-06-16,77,critical,-4.37,-2.07,unknown,0.2,polygon,"Отклонение от нормы устойчивое, но погодных данных на этот период нет, поэтому версию причины проверить не на чем. Нужен осмотр поля."
AOI-0010,2025-04-01,2025-04-19,19,suppression,-1.72,-1.43,unknown,0.2,polygon,"Отклонение от нормы устойчивое, но погодных данных на этот период нет, поэтому версию причины проверить не на чем. Нужен осмотр поля."
AOI-0010,2025-06-28,2025-08-06,40,critical,-2.2,-1.36,unknown,0.2,polygon,"Отклонение от нормы устойчивое, но погодных данных на этот период нет, поэтому версию причины проверить не на чем. Нужен осмотр поля."
AOI-0011,2025-06-05,2025-07-05,31,suppression,-1.92,-1.41,unknown,0.14,crop,"Отклонение от нормы устойчивое, но погодных данных на этот период нет, поэтому версию причины проверить не на чем. Нужен осмотр поля. Внимание: у этого поля нет собственной истории наблюдений, норма взята средняя по культуре. Оценка ориентировочная, глубина отклонения может быть завышена или занижена."
AOI-0012,2025-06-23,2025-07-03,11,suppression,-1.57,-1.38,unknown,0.14,crop,"Отклонение от нормы устойчивое, но погодных данных на этот период нет, поэтому версию причины проверить не на чем. Нужен осмотр поля. Внимание: у этого поля нет собственной истории наблюдений, норма взята средняя по культуре. Оценка ориентировочная, глубина отклонения может быть завышена или занижена."
AOI-0013,2010-06-07,2010-06-12,6,suppression,-1.23,-1.11,unknown,0.2,polygon,"Отклонение от нормы устойчивое, но погодных данных на этот период нет, поэтому версию причины проверить не на чем. Нужен осмотр поля."
AOI-0013,2010-07-04,2010-07-18,15,critical,-2.36,-1.84,harvest,0.7,polygon,"Индекс обвалился на 2.4 стандартных отклонения и после этого 15 дней держится на низком уровне. День года 185 попадает в характерное окно уборки для культуры «озимая пшеница» (159-234). Скорее всего, это уборка или скашивание, а не повреждение посева."
AOI-0013,2010-08-04,2010-10-30,88,critical,-3.04,-2.34,unknown,0.2,polygon,"Отклонение от нормы устойчивое, но погодных данных на этот период нет, поэтому версию причины проверить не на чем. Нужен осмотр поля."
AOI-0013,2011-04-01,2011-05-14,44,suppression,-1.67,-1.28,unknown,0.2,polygon,"Отклонение от нормы устойчивое, но погодных данных на этот период нет, поэтому версию причины проверить не на чем. Нужен осмотр поля."
AOI-0013,2011-06-06,2011-06-22,17,suppression,-1.22,-0.75,unknown,0.2,polygon,"Отклонение от нормы устойчивое, но погодных данных на этот период нет, поэтому версию причины проверить не на чем. Нужен осмотр поля."
AOI-0013,2011-07-30,2011-08-20,22,suppression,-1.72,-1.41,unknown,0.2,polygon,"Отклонение от нормы устойчивое, но погодных данных на этот период нет, поэтому версию причины проверить не на чем. Нужен осмотр поля."
AOI-0013,2012-09-10,2012-10-20,41,suppression,-1.67,-1.36,unknown,0.2,polygon,"Отклонение от нормы устойчивое, но погодных данных на этот период нет, поэтому версию причины проверить не на чем. Нужен осмотр поля."
AOI-0013,2013-04-30,2013-05-04,5,suppression,-1.21,-1.09,unknown,0.2,polygon,"Отклонение от нормы устойчивое, но погодных данных на этот период нет, поэтому версию причины проверить не на чем. Нужен осмотр поля."
AOI-0013,2013-06-27,2013-07-04,8,suppression,-1.2,-1.12,unknown,0.2,polygon,"Отклонение от нормы устойчивое, но погодных данных на этот период нет, поэтому версию причины проверить не на чем. Нужен осмотр поля."
AOI-0013,2014-06-06,2014-09-14,101,suppression,-1.69,-1.1,unknown,0.2,polygon,"Отклонение от нормы устойчивое, но погодных данных на этот период нет, поэтому версию причины проверить не на чем. Нужен осмотр поля."
AOI-0013,2015-08-28,2015-09-19,23,suppression,-1.45,-1.14,unknown,0.2,polygon,"Отклонение от нормы устойчивое, но погодных данных на этот период нет, поэтому версию причины проверить не на чем. Нужен осмотр поля."
AOI-0013,2018-04-20,2018-06-04,46,suppression,-1.66,-1.26,unknown,0.2,polygon,"Отклонение от нормы устойчивое, но погодных данных на этот период нет, поэтому версию причины проверить не на чем. Нужен осмотр поля."
AOI-0013,2018-06-18,2018-08-05,49,suppression,-1.98,-1.35,unknown,0.2,polygon,"Отклонение от нормы устойчивое, но погодных данных на этот период нет, поэтому версию причины проверить не на чем. Нужен осмотр поля."
AOI-0013,2018-10-16,2018-10-21,6,suppression,-1.02,-0.99,unknown,0.2,polygon,"Отклонение от нормы устойчивое, но погодных данных на этот период нет, поэтому версию причины проверить не на чем. Нужен осмотр поля."
AOI-0013,2019-05-11,2019-05-19,9,suppression,-1.26,-1.16,unknown,0.2,polygon,"Отклонение от нормы устойчивое, но погодных данных на этот период нет, поэтому версию причины проверить не на чем. Нужен осмотр поля."
AOI-0013,2019-09-19,2019-09-24,6,critical,-2.71,-1.93,abrupt,0.6,polygon,"Резкое падение индекса на 2.7 стандартных отклонения за декаду. Похоже на одномоментное событие: уборку, потраву или механическое повреждение посева."
AOI-0013,2020-05-13,2020-06-01,20,suppression,-1.84,-1.06,unknown,0.2,polygon,"Отклонение от нормы устойчивое, но погодных данных на этот период нет, поэтому версию причины проверить не на чем. Нужен осмотр поля."
AOI-0013,2020-08-11,2020-08-17,7,critical,-2.25,-1.64,abrupt,0.6,polygon,"Резкое падение индекса на 2.1 стандартных отклонения за декаду. Похоже на одномоментное событие: уборку, потраву или механическое повреждение посева."
AOI-0013,2021-04-01,2021-04-24,24,suppression,-1.4,-1.11,unknown,0.2,polygon,"Отклонение от нормы устойчивое, но погодных данных на этот период нет, поэтому версию причины проверить не на чем. Нужен осмотр поля."
AOI-0013,2022-06-22,2022-06-26,5,suppression,-1.34,-1.17,unknown,0.2,polygon,"Отклонение от нормы устойчивое, но погодных данных на этот период нет, поэтому версию причины проверить не на чем. Нужен осмотр поля."
AOI-0013,2024-07-20,2024-07-31,12,suppression,-1.82,-1.5,unknown,0.2,polygon,"Отклонение от нормы устойчивое, но погодных данных на этот период нет, поэтому версию причины проверить не на чем. Нужен осмотр поля."
AOI-0013,2025-06-10,2025-06-14,5,suppression,-1.9,-1.04,unknown,0.2,polygon,"Отклонение от нормы устойчивое, но погодных данных на этот период нет, поэтому версию причины проверить не на чем. Нужен осмотр поля."
AOI-0014,2010-10-14,2010-10-19,6,suppression,-1.15,-1.08,non_weather,0.5,polygon,"Осадков 39 мм при норме 39 мм (101 процентов), температура отличается от нормы на -1.2 градуса — ни засухи, ни жары, ни холода, ни переувлажнения за эти 6 дней не было. Погода отклонение не объясняет: проверяйте агротехнику, состояние семян, болезни и вредителей."
AOI-0014,2011-04-01,2011-04-19,19,suppression,-1.28,-1.02,cold,0.65,polygon,"Средняя температура за период всего 7.0 градуса, это на 3.5 ниже нормы. Похолодание пришлось на фазу активного роста (день года 91): набор биомассы приостановился. Такое угнетение обычно обратимо, но сдвигает развитие на одну-две недели."
AOI-0014,2011-05-01,2011-05-07,7,suppression,-1.09,-1.02,non_weather,0.5,polygon,"Осадков 52 мм при норме 45 мм (115 процентов), температура отличается от нормы на -1.1 градуса — ни засухи, ни жары, ни холода, ни переувлажнения за эти 7 дней не было. Погода отклонение не объясняет: проверяйте агротехнику, состояние семян, болезни и вредителей."
AOI-0014,2013-04-15,2013-06-04,51,suppression,-1.41,-1.03,non_weather,0.35,polygon,"Осадков 43 мм при норме 69 мм (63 процентов), температура отличается от нормы на 1.9 градуса. Ни один погодный порог не превышен, хотя осадков заметно меньше нормы, температура отклонена от нормы на 1.9 градуса. Погода объясняет просадку лишь отчасти: проверяйте агротехнику, состояние семян, болезни и вредителей."
AOI-0014,2016-04-13,2016-05-20,38,suppression,-1.39,-1.07,non_weather,0.35,polygon,"Осадков 93 мм при норме 51 мм (183 процентов), температура отличается от нормы на -0.1 градуса. Ни один погодный порог не превышен, хотя осадков заметно больше нормы. Погода объясняет просадку лишь отчасти: проверяйте агротехнику, состояние семян, болезни и вредителей."
AOI-0014,2017-08-02,2017-08-15,14,suppression,-1.19,-1.01,heat,0.6,polygon,Средняя температура за период выше нормы на 2.7 градуса при достаточном увлажнении. Вероятен температурный стресс.
AOI-0014,2018-06-10,2018-07-07,28,suppression,-1.85,-1.39,non_weather,0.35,polygon,"Осадков 24 мм при норме 44 мм (55 процентов), температура отличается от нормы на 2.2 градуса. Ни один погодный порог не превышен, хотя осадков заметно меньше нормы, температура отклонена от нормы на 2.2 градуса. Погода объясняет просадку лишь отчасти: проверяйте агротехнику, состояние семян, болезни и вредителей."
AOI-0014,2019-04-19,2019-05-22,34,suppression,-1.87,-1.5,non_weather,0.35,polygon,"Осадков 28 мм при норме 54 мм (52 процентов), температура отличается от нормы на 1.1 градуса. Ни один погодный порог не превышен, хотя осадков заметно меньше нормы. Погода объясняет просадку лишь отчасти: проверяйте агротехнику, состояние семян, болезни и вредителей."
AOI-0014,2019-09-17,2019-09-30,14,critical,-3.68,-1.51,abrupt,0.6,polygon,"Резкое падение индекса на 4.6 стандартных отклонения за декаду. Похоже на одномоментное событие: уборку, потраву или механическое повреждение посева."
AOI-0014,2020-06-11,2020-08-23,74,suppression,-1.84,-1.22,non_weather,0.5,polygon,"Осадков 17 мм при норме 21 мм (82 процентов), температура отличается от нормы на 0.1 градуса — ни засухи, ни жары, ни холода, ни переувлажнения за эти 74 дней не было. Погода отклонение не объясняет: проверяйте агротехнику, состояние семян, болезни и вредителей."
AOI-0014,2021-07-20,2021-08-10,22,suppression,-1.24,-1.06,non_weather,0.35,polygon,"Осадков 20 мм при норме 29 мм (69 процентов), температура отличается от нормы на 1.1 градуса. Ни один погодный порог не превышен, хотя осадков заметно меньше нормы. Погода объясняет просадку лишь отчасти: проверяйте агротехнику, состояние семян, болезни и вредителей."
AOI-0014,2022-04-01,2022-06-08,69,critical,-3.11,-1.43,drought,0.7,polygon,"Осадков за 30 дней выпало 29 мм при норме 65 мм, это 44 процентов от нормы. Наиболее вероятен дефицит влаги."
AOI-0014,2023-08-05,2023-08-15,11,suppression,-1.14,-1.01,non_weather,0.5,polygon,"Осадков 21 мм при норме 26 мм (81 процентов), температура отличается от нормы на 1.5 градуса — ни засухи, ни жары, ни холода, ни переувлажнения за эти 11 дней не было. Погода отклонение не объясняет: проверяйте агротехнику, состояние семян, болезни и вредителей."
AOI-0014,2024-06-10,2024-07-30,51,suppression,-1.82,-1.21,harvest,0.7,polygon,"Индекс обвалился на 2.3 стандартных отклонения и после этого 51 дней держится на низком уровне. День года 162 попадает в характерное окно уборки для культуры «озимая пшеница» (159-234). Скорее всего, это уборка или скашивание, а не повреждение посева."
AOI-0014,2025-04-13,2025-06-17,66,critical,-2.85,-1.5,non_weather,0.5,polygon,"Осадков 37 мм при норме 52 мм (71 процентов), температура отличается от нормы на -0.1 градуса — ни засухи, ни жары, ни холода, ни переувлажнения за эти 66 дней не было. Погода отклонение не объясняет: проверяйте агротехнику, состояние семян, болезни и вредителей."
AOI-0016,2025-04-15,2025-06-06,53,suppression,-1.76,-1.19,unknown,0.14,crop,"Отклонение от нормы устойчивое, но погодных данных на этот период нет, поэтому версию причины проверить не на чем. Нужен осмотр поля. Внимание: у этого поля нет собственной истории наблюдений, норма взята средняя по культуре. Оценка ориентировочная, глубина отклонения может быть завышена или занижена."
AOI-0017,2019-09-18,2019-09-23,6,critical,-2.0,-1.65,abrupt,0.6,polygon,"Резкое падение индекса на 2.4 стандартных отклонения за декаду. Похоже на одномоментное событие: уборку, потраву или механическое повреждение посева."
AOI-0017,2020-04-01,2020-04-24,24,suppression,-1.31,-1.11,unknown,0.2,polygon,"Отклонение от нормы устойчивое, но погодных данных на этот период нет, поэтому версию причины проверить не на чем. Нужен осмотр поля."
AOI-0017,2021-04-01,2021-05-13,43,suppression,-1.97,-1.16,unknown,0.2,polygon,"Отклонение от нормы устойчивое, но погодных данных на этот период нет, поэтому версию причины проверить не на чем. Нужен осмотр поля."
AOI-0017,2023-10-08,2023-10-22,15,suppression,-1.29,-1.19,unknown,0.2,polygon,"Отклонение от нормы устойчивое, но погодных данных на этот период нет, поэтому версию причины проверить не на чем. Нужен осмотр поля."
AOI-0017,2024-04-30,2024-10-31,185,critical,-4.72,-2.27,unknown,0.2,polygon,"Отклонение от нормы устойчивое, но погодных данных на этот период нет, поэтому версию причины проверить не на чем. Нужен осмотр поля."
AOI-0017,2025-06-13,2025-10-18,128,critical,-3.07,-1.97,unknown,0.2,polygon,"Отклонение от нормы устойчивое, но погодных данных на этот период нет, поэтому версию причины проверить не на чем. Нужен осмотр поля."
AOI-0018,2025-06-06,2025-07-03,28,suppression,-1.71,-1.05,unknown,0.14,crop,"Отклонение от нормы устойчивое, но погодных данных на этот период нет, поэтому версию причины проверить не на чем. Нужен осмотр поля. Внимание: у этого поля нет собственной истории наблюдений, норма взята средняя по культуре. Оценка ориентировочная, глубина отклонения может быть завышена или занижена."
AOI-0022,2025-06-27,2025-08-04,39,suppression,-1.33,-1.05,unknown,0.14,crop,"Отклонение от нормы устойчивое, но погодных данных на этот период нет, поэтому версию причины проверить не на чем. Нужен осмотр поля. Внимание: у этого поля нет собственной истории наблюдений, норма взята средняя по культуре. Оценка ориентировочная, глубина отклонения может быть завышена или занижена."
AOI-0022,2025-08-21,2025-09-09,20,suppression,-1.11,-0.92,unknown,0.14,crop,"Отклонение от нормы устойчивое, но погодных данных на этот период нет, поэтому версию причины проверить не на чем. Нужен осмотр поля. Внимание: у этого поля нет собственной истории наблюдений, норма взята средняя по культуре. Оценка ориентировочная, глубина отклонения может быть завышена или занижена."
AOI-0023,2025-04-27,2025-05-06,10,suppression,-1.14,-1.05,unknown,0.14,crop,"Отклонение от нормы устойчивое, но погодных данных на этот период нет, поэтому версию причины проверить не на чем. Нужен осмотр поля. Внимание: у этого поля нет собственной истории наблюдений, норма взята средняя по культуре. Оценка ориентировочная, глубина отклонения может быть завышена или занижена."
AOI-0023,2025-07-27,2025-08-06,11,suppression,-1.17,-1.04,unknown,0.14,crop,"Отклонение от нормы устойчивое, но погодных данных на этот период нет, поэтому версию причины проверить не на чем. Нужен осмотр поля. Внимание: у этого поля нет собственной истории наблюдений, норма взята средняя по культуре. Оценка ориентировочная, глубина отклонения может быть завышена или занижена."
AOI-0023,2025-08-24,2025-09-12,20,suppression,-1.19,-0.97,unknown,0.14,crop,"Отклонение от нормы устойчивое, но погодных данных на этот период нет, поэтому версию причины проверить не на чем. Нужен осмотр поля. Внимание: у этого поля нет собственной истории наблюдений, норма взята средняя по культуре. Оценка ориентировочная, глубина отклонения может быть завышена или занижена."
AOI-0024,2025-04-13,2025-05-24,42,suppression,-1.23,-0.99,unknown,0.14,crop,"Отклонение от нормы устойчивое, но погодных данных на этот период нет, поэтому версию причины проверить не на чем. Нужен осмотр поля. Внимание: у этого поля нет собственной истории наблюдений, норма взята средняя по культуре. Оценка ориентировочная, глубина отклонения может быть завышена или занижена."
AOI-0024,2025-10-08,2025-10-14,7,suppression,-1.44,-1.36,unknown,0.14,crop,"Отклонение от нормы устойчивое, но погодных данных на этот период нет, поэтому версию причины проверить не на чем. Нужен осмотр поля. Внимание: у этого поля нет собственной истории наблюдений, норма взята средняя по культуре. Оценка ориентировочная, глубина отклонения может быть завышена или занижена."
AOI-0025,2025-04-19,2025-05-24,36,suppression,-1.22,-1.13,unknown,0.14,crop,"Отклонение от нормы устойчивое, но погодных данных на этот период нет, поэтому версию причины проверить не на чем. Нужен осмотр поля. Внимание: у этого поля нет собственной истории наблюдений, норма взята средняя по культуре. Оценка ориентировочная, глубина отклонения может быть завышена или занижена."
AOI-0026,2025-07-16,2025-09-29,76,suppression,-1.58,-1.28,unknown,0.14,crop,"Отклонение от нормы устойчивое, но погодных данных на этот период нет, поэтому версию причины проверить не на чем. Нужен осмотр поля. Внимание: у этого поля нет собственной истории наблюдений, норма взята средняя по культуре. Оценка ориентировочная, глубина отклонения может быть завышена или занижена."
AOI-0027,2025-07-08,2025-07-15,8,suppression,-1.03,-1.02,unknown,0.14,crop,"Отклонение от нормы устойчивое, но погодных данных на этот период нет, поэтому версию причины проверить не на чем. Нужен осмотр поля. Внимание: у этого поля нет собственной истории наблюдений, норма взята средняя по культуре. Оценка ориентировочная, глубина отклонения может быть завышена или занижена."
AOI-0028,2011-04-01,2011-04-19,19,suppression,-1.21,-1.08,cold,0.65,polygon,"Средняя температура за период всего 7.2 градуса, это на 3.3 ниже нормы. Похолодание пришлось на фазу активного роста (день года 91): набор биомассы приостановился. Такое угнетение обычно обратимо, но сдвигает развитие на одну-две недели."
AOI-0028,2011-05-25,2011-06-05,12,suppression,-1.53,-1.24,non_weather,0.35,polygon,"Осадков 47 мм при норме 67 мм (69 процентов), температура отличается от нормы на 0.8 градуса. Ни один погодный порог не превышен, хотя осадков заметно меньше нормы. Погода объясняет просадку лишь отчасти: проверяйте агротехнику, состояние семян, болезни и вредителей."
AOI-0028,2013-05-01,2013-05-30,30,suppression,-1.44,-1.15,heat,0.6,polygon,Средняя температура за период выше нормы на 3.6 градуса при достаточном увлажнении. Вероятен температурный стресс.
AOI-0028,2019-04-02,2019-07-03,93,critical,-3.19,-1.51,drought,0.7,polygon,"Осадков за 30 дней выпало 11 мм при норме 45 мм, это 25 процентов от нормы. Наиболее вероятен дефицит влаги."
AOI-0028,2019-09-18,2019-09-27,10,suppression,-1.66,-1.37,cold,0.35,polygon,"Температура за период на 4.6 градуса ниже нормы, но это конец сезона (день года 261). Для созревающего посева холод означает ускоренное естественное отмирание, а не угнетение. Отдельного вмешательства обычно не требует."
AOI-0028,2021-04-10,2021-04-18,9,suppression,-1.49,-1.29,excess_water,0.55,polygon,Осадков выпало в 2.6 раза больше нормы. Возможно переувлажнение и подтопление посевов.
AOI-0028,2021-05-01,2021-06-03,34,suppression,-1.81,-1.33,non_weather,0.35,polygon,"Осадков 115 мм при норме 64 мм (179 процентов), температура отличается от нормы на -0.2 градуса. Ни один погодный порог не превышен, хотя осадков заметно больше нормы. Погода объясняет просадку лишь отчасти: проверяйте агротехнику, состояние семян, болезни и вредителей."
AOI-0028,2022-09-16,2022-09-22,7,suppression,-1.8,-1.44,non_weather,0.35,polygon,"Осадков 35 мм при норме 20 мм (175 процентов), температура отличается от нормы на 0.9 градуса. Ни один погодный порог не превышен, хотя осадков заметно больше нормы. Погода объясняет просадку лишь отчасти: проверяйте агротехнику, состояние семян, болезни и вредителей."
AOI-0028,2023-05-08,2023-06-24,48,suppression,-1.8,-1.4,non_weather,0.35,polygon,"Осадков 95 мм при норме 50 мм (188 процентов), температура отличается от нормы на -2.2 градуса. Ни один погодный порог не превышен, хотя осадков заметно больше нормы, температура отклонена от нормы на -2.2 градуса. Погода объясняет просадку лишь отчасти: проверяйте агротехнику, состояние семян, болезни и вредителей."
AOI-0028,2024-08-22,2024-09-06,16,suppression,-1.36,-1.02,drought,0.85,polygon,"Осадков за 30 дней выпало 3 мм при норме 20 мм, это 16 процентов от нормы. Наиболее вероятен дефицит влаги. При этом температура выше нормы на 3.7 градуса."
AOI-0028,2024-09-21,2024-10-07,17,suppression,-1.18,-1.02,drought,0.85,polygon,"Осадков за 30 дней выпало 5 мм при норме 32 мм, это 16 процентов от нормы. Наиболее вероятен дефицит влаги. При этом температура выше нормы на 4.2 градуса."
AOI-0028,2025-04-01,2025-04-15,15,suppression,-1.43,-1.28,non_weather,0.35,polygon,"Осадков 16 мм при норме 27 мм (61 процентов), температура отличается от нормы на -0.6 градуса. Ни один погодный порог не превышен, хотя осадков заметно меньше нормы. Погода объясняет просадку лишь отчасти: проверяйте агротехнику, состояние семян, болезни и вредителей."
AOI-0029,2025-07-08,2025-09-10,65,suppression,-1.33,-1.14,unknown,0.14,crop,"Отклонение от нормы устойчивое, но погодных данных на этот период нет, поэтому версию причины проверить не на чем. Нужен осмотр поля. Внимание: у этого поля нет собственной истории наблюдений, норма взята средняя по культуре. Оценка ориентировочная, глубина отклонения может быть завышена или занижена."
AOI-0031,2011-04-23,2011-05-03,11,suppression,-1.69,-1.49,non_weather,0.5,polygon,"Осадков 50 мм при норме 34 мм (149 процентов), температура отличается от нормы на -0.5 градуса — ни засухи, ни жары, ни холода, ни переувлажнения за эти 11 дней не было. Погода отклонение не объясняет: проверяйте агротехнику, состояние семян, болезни и вредителей."
AOI-0031,2012-04-20,2012-06-27,69,suppression,-1.81,-1.45,heat,0.6,polygon,Средняя температура за период выше нормы на 2.7 градуса при достаточном увлажнении. Вероятен температурный стресс.
AOI-0031,2012-08-20,2012-09-02,14,suppression,-1.09,-1.01,cold,0.35,polygon,"Температура за период на 2.9 градуса ниже нормы, но это конец сезона (день года 233). Для созревающего посева холод означает ускоренное естественное отмирание, а не угнетение. Отдельного вмешательства обычно не требует."
AOI-0031,2014-04-18,2014-05-03,16,suppression,-1.39,-1.22,non_weather,0.35,polygon,"Осадков 23 мм при норме 35 мм (65 процентов), температура отличается от нормы на 0.5 градуса. Ни один погодный порог не превышен, хотя осадков заметно меньше нормы. Погода объясняет просадку лишь отчасти: проверяйте агротехнику, состояние семян, болезни и вредителей."
AOI-0031,2015-04-08,2015-05-05,28,suppression,-1.76,-1.5,non_weather,0.5,polygon,"Осадков 27 мм при норме 35 мм (77 процентов), температура отличается от нормы на -0.8 градуса — ни засухи, ни жары, ни холода, ни переувлажнения за эти 28 дней не было. Погода отклонение не объясняет: проверяйте агротехнику, состояние семян, болезни и вредителей."
AOI-0031,2018-04-02,2018-04-07,6,suppression,-1.23,-1.13,cold,0.4,polygon,"Средняя температура за период всего 7.3 градуса. Похолодание пришлось на фазу активного роста (день года 92): набор биомассы приостановился. Такое угнетение обычно обратимо, но сдвигает развитие на одну-две недели."
AOI-0031,2018-06-09,2018-07-05,27,suppression,-1.3,-1.11,drought,0.85,polygon,"Осадков за 30 дней выпало 13 мм при норме 31 мм, это 41 процентов от нормы. Наиболее вероятен дефицит влаги. При этом температура выше нормы на 2.5 градуса."
AOI-0031,2019-06-05,2019-07-08,34,suppression,-1.27,-0.93,drought,0.7,polygon,"Осадков за 30 дней выпало 3 мм при норме 31 мм, это 8 процентов от нормы. Наиболее вероятен дефицит влаги."
AOI-0031,2020-06-30,2020-07-16,17,suppression,-1.49,-1.02,drought,0.7,polygon,"Осадков за 30 дней выпало 11 мм при норме 33 мм, это 33 процентов от нормы. Наиболее вероятен дефицит влаги."
AOI-0031,2020-08-09,2020-10-17,70,suppression,-1.77,-1.17,drought,0.7,polygon,"Осадков за 30 дней выпало 3 мм при норме 37 мм, это 8 процентов от нормы. Наиболее вероятен дефицит влаги."
AOI-0031,2021-04-01,2021-09-22,175,critical,-2.25,-1.26,non_weather,0.35,polygon,"Осадков 43 мм при норме 25 мм (175 процентов), температура отличается от нормы на 0.1 градуса. Ни один погодный порог не превышен, хотя осадков заметно больше нормы. Погода объясняет просадку лишь отчасти: проверяйте агротехнику, состояние семян, болезни и вредителей."
AOI-0031,2022-07-28,2022-09-04,39,suppression,-1.34,-1.03,non_weather,0.35,polygon,"Осадков 10 мм при норме 16 мм (63 процентов), температура отличается от нормы на 2.1 градуса. Ни один погодный порог не превышен, хотя осадков заметно меньше нормы, температура отклонена от нормы на 2.1 градуса. Погода объясняет просадку лишь отчасти: проверяйте агротехнику, состояние семян, болезни и вредителей."
AOI-0031,2024-04-01,2024-07-20,111,critical,-2.09,-1.4,drought,0.7,polygon,"Осадков за 30 дней выпало 4 мм при норме 32 мм, это 12 процентов от нормы. Наиболее вероятен дефицит влаги."
AOI-0031,2024-08-29,2024-09-04,7,suppression,-1.51,-1.09,drought,0.85,polygon,"Осадков за 30 дней выпало 4 мм при норме 17 мм, это 26 процентов от нормы. Наиболее вероятен дефицит влаги. При этом температура выше нормы на 2.7 градуса."
AOI-0032,2010-04-26,2010-05-04,9,suppression,-1.16,-1.05,drought,0.7,polygon,"Осадков за 30 дней выпало 18 мм при норме 37 мм, это 48 процентов от нормы. Наиболее вероятен дефицит влаги."
AOI-0032,2010-06-02,2010-06-13,12,suppression,-1.13,-1.04,non_weather,0.35,polygon,"Осадков 67 мм при норме 37 мм (181 процентов), температура отличается от нормы на 2.5 градуса. Ни один погодный порог не превышен, хотя осадков заметно больше нормы, температура отклонена от нормы на 2.5 градуса. Погода объясняет просадку лишь отчасти: проверяйте агротехнику, состояние семян, болезни и вредителей."
AOI-0032,2012-04-10,2012-04-16,7,suppression,-1.45,-1.28,drought,0.85,polygon,"Осадков за 30 дней выпало 7 мм при норме 19 мм, это 38 процентов от нормы. Наиболее вероятен дефицит влаги. При этом температура выше нормы на 4.0 градуса."
AOI-0032,2015-04-08,2015-04-25,18,suppression,-1.27,-1.16,non_weather,0.35,polygon,"Осадков 37 мм при норме 31 мм (119 процентов), температура отличается от нормы на -1.5 градуса. Ни один погодный порог не превышен, хотя температура отклонена от нормы на -1.5 градуса. Погода объясняет просадку лишь отчасти: проверяйте агротехнику, состояние семян, болезни и вредителей."
AOI-0032,2016-04-12,2016-04-19,8,suppression,-1.18,-1.09,drought,0.7,polygon,"Осадков за 30 дней выпало 9 мм при норме 23 мм, это 41 процентов от нормы. Наиболее вероятен дефицит влаги."
AOI-0032,2018-04-05,2018-05-04,30,suppression,-1.17,-1.05,drought,0.7,polygon,"Осадков за 30 дней выпало 18 мм при норме 37 мм, это 48 процентов от нормы. Наиболее вероятен дефицит влаги."
AOI-0032,2018-05-17,2018-06-23,38,suppression,-1.77,-1.33,drought,0.7,polygon,"Осадков за 30 дней выпало 1 мм при норме 36 мм, это 4 процентов от нормы. Наиболее вероятен дефицит влаги."
AOI-0032,2019-06-12,2019-06-22,11,suppression,-1.18,-0.97,drought,0.85,polygon,"Осадков за 30 дней выпало 12 мм при норме 37 мм, это 34 процентов от нормы. Наиболее вероятен дефицит влаги. При этом температура выше нормы на 3.2 градуса."
AOI-0032,2019-07-18,2019-07-22,5,suppression,-1.77,-1.44,cold,0.35,polygon,"Температура за период на 2.6 градуса ниже нормы, но это конец сезона (день года 199). Для созревающего посева холод означает ускоренное естественное отмирание, а не угнетение. Отдельного вмешательства обычно не требует."
AOI-0032,2019-10-02,2019-10-12,11,suppression,-1.88,-0.99,abrupt,0.6,polygon,"Резкое падение индекса на 2.6 стандартных отклонения за декаду. Похоже на одномоментное событие: уборку, потраву или механическое повреждение посева."
AOI-0032,2020-08-10,2020-08-20,11,suppression,-1.35,-1.13,drought,0.7,polygon,"Осадков за 30 дней выпало 6 мм при норме 24 мм, это 25 процентов от нормы. Наиболее вероятен дефицит влаги."
AOI-0032,2021-04-08,2021-06-23,77,suppression,-1.72,-1.34,non_weather,0.5,polygon,"Осадков 29 мм при норме 34 мм (85 процентов), температура отличается от нормы на -0.1 градуса — ни засухи, ни жары, ни холода, ни переувлажнения за эти 77 дней не было. Погода отклонение не объясняет: проверяйте агротехнику, состояние семян, болезни и вредителей."
AOI-0032,2021-08-15,2021-08-24,10,critical,-2.09,-1.68,excess_water,0.55,polygon,Осадков выпало в 2.3 раза больше нормы. Возможно переувлажнение и подтопление посевов.
AOI-0032,2022-07-28,2022-09-06,41,suppression,-1.23,-0.99,non_weather,0.35,polygon,"Осадков 11 мм при норме 18 мм (64 процентов), температура отличается от нормы на 1.4 градуса. Ни один погодный порог не превышен, хотя осадков заметно меньше нормы. Погода объясняет просадку лишь отчасти: проверяйте агротехнику, состояние семян, болезни и вредителей."
AOI-0032,2023-04-12,2023-05-05,24,suppression,-1.24,-1.01,non_weather,0.5,polygon,"Осадков 40 мм при норме 36 мм (110 процентов), температура отличается от нормы на -0.8 градуса — ни засухи, ни жары, ни холода, ни переувлажнения за эти 24 дней не было. Погода отклонение не объясняет: проверяйте агротехнику, состояние семян, болезни и вредителей."
AOI-0032,2024-04-01,2024-06-17,78,suppression,-1.45,-1.21,drought,0.7,polygon,"Осадков за 30 дней выпало 20 мм при норме 40 мм, это 50 процентов от нормы. Наиболее вероятен дефицит влаги."
AOI-0033,2025-04-05,2025-06-02,59,suppression,-1.97,-1.39,unknown,0.14,crop,"Отклонение от нормы устойчивое, но погодных данных на этот период нет, поэтому версию причины проверить не на чем. Нужен осмотр поля. Внимание: у этого поля нет собственной истории наблюдений, норма взята средняя по культуре. Оценка ориентировочная, глубина отклонения может быть завышена или занижена."
AOI-0034,2025-04-05,2025-06-20,77,suppression,-1.43,-1.16,unknown,0.14,crop,"Отклонение от нормы устойчивое, но погодных данных на этот период нет, поэтому версию причины проверить не на чем. Нужен осмотр поля. Внимание: у этого поля нет собственной истории наблюдений, норма взята средняя по культуре. Оценка ориентировочная, глубина отклонения может быть завышена или занижена."
AOI-0035,2025-04-05,2025-06-22,79,suppression,-1.47,-1.18,unknown,0.14,crop,"Отклонение от нормы устойчивое, но погодных данных на этот период нет, поэтому версию причины проверить не на чем. Нужен осмотр поля. Внимание: у этого поля нет собственной истории наблюдений, норма взята средняя по культуре. Оценка ориентировочная, глубина отклонения может быть завышена или занижена."
AOI-0035,2025-08-19,2025-08-24,6,suppression,-1.17,-1.03,unknown,0.14,crop,"Отклонение от нормы устойчивое, но погодных данных на этот период нет, поэтому версию причины проверить не на чем. Нужен осмотр поля. Внимание: у этого поля нет собственной истории наблюдений, норма взята средняя по культуре. Оценка ориентировочная, глубина отклонения может быть завышена или занижена."
AOI-0040,2025-07-31,2025-08-08,9,suppression,-1.15,-1.08,unknown,0.14,crop,"Отклонение от нормы устойчивое, но погодных данных на этот период нет, поэтому версию причины проверить не на чем. Нужен осмотр поля. Внимание: у этого поля нет собственной истории наблюдений, норма взята средняя по культуре. Оценка ориентировочная, глубина отклонения может быть завышена или занижена."
AOI-0040,2025-09-22,2025-10-05,14,suppression,-1.11,-0.97,unknown,0.14,crop,"Отклонение от нормы устойчивое, но погодных данных на этот период нет, поэтому версию причины проверить не на чем. Нужен осмотр поля. Внимание: у этого поля нет собственной истории наблюдений, норма взята средняя по культуре. Оценка ориентировочная, глубина отклонения может быть завышена или занижена."
AOI-0041,2025-06-10,2025-06-17,8,suppression,-1.25,-1.03,unknown,0.14,crop,"Отклонение от нормы устойчивое, но погодных данных на этот период нет, поэтому версию причины проверить не на чем. Нужен осмотр поля. Внимание: у этого поля нет собственной истории наблюдений, норма взята средняя по культуре. Оценка ориентировочная, глубина отклонения может быть завышена или занижена."
AOI-0042,2025-04-05,2025-06-12,69,suppression,-1.39,-1.18,unknown,0.14,crop,"Отклонение от нормы устойчивое, но погодных данных на этот период нет, поэтому версию причины проверить не на чем. Нужен осмотр поля. Внимание: у этого поля нет собственной истории наблюдений, норма взята средняя по культуре. Оценка ориентировочная, глубина отклонения может быть завышена или занижена."
AOI-0043,2025-04-15,2025-06-15,62,suppression,-1.27,-1.07,unknown,0.14,crop,"Отклонение от нормы устойчивое, но погодных данных на этот период нет, поэтому версию причины проверить не на чем. Нужен осмотр поля. Внимание: у этого поля нет собственной истории наблюдений, норма взята средняя по культуре. Оценка ориентировочная, глубина отклонения может быть завышена или занижена."
AOI-0043,2025-07-31,2025-08-05,6,critical,-2.08,-1.52,abrupt,0.42,crop,"Резкое падение индекса на 2.1 стандартных отклонения за декаду. Похоже на одномоментное событие: уборку, потраву или механическое повреждение посева. Внимание: у этого поля нет собственной истории наблюдений, норма взята средняя по культуре. Оценка ориентировочная, глубина отклонения может быть завышена или занижена."
AOI-0044,2011-04-15,2011-06-02,49,suppression,-1.3,-1.06,non_weather,0.5,polygon,"Осадков 55 мм при норме 55 мм (100 процентов), температура отличается от нормы на -1.2 градуса — ни засухи, ни жары, ни холода, ни переувлажнения за эти 49 дней не было. Погода отклонение не объясняет: проверяйте агротехнику, состояние семян, болезни и вредителей."
AOI-0044,2012-09-18,2012-10-03,16,suppression,-1.24,-1.12,drought,0.85,polygon,"Осадков за 30 дней выпало 2 мм при норме 34 мм, это 5 процентов от нормы. Наиболее вероятен дефицит влаги. При этом температура выше нормы на 4.0 градуса."
AOI-0044,2014-05-26,2014-06-07,13,suppression,-1.09,-1.03,heat,0.6,polygon,Средняя температура за период выше нормы на 2.7 градуса при достаточном увлажнении. Вероятен температурный стресс.
AOI-0044,2017-04-26,2017-05-06,11,suppression,-1.24,-1.15,non_weather,0.5,polygon,"Осадков 43 мм при норме 36 мм (122 процентов), температура отличается от нормы на 0.5 градуса — ни засухи, ни жары, ни холода, ни переувлажнения за эти 11 дней не было. Погода отклонение не объясняет: проверяйте агротехнику, состояние семян, болезни и вредителей."
AOI-0044,2017-05-26,2017-06-07,13,suppression,-1.22,-1.1,non_weather,0.35,polygon,"Осадков 53 мм при норме 55 мм (98 процентов), температура отличается от нормы на -2.0 градуса. Ни один погодный порог не превышен, хотя температура отклонена от нормы на -2.0 градуса. Погода объясняет просадку лишь отчасти: проверяйте агротехнику, состояние семян, болезни и вредителей."
AOI-0044,2020-04-27,2020-06-17,52,suppression,-1.42,-1.16,non_weather,0.35,polygon,"Осадков 74 мм при норме 45 мм (163 процентов), температура отличается от нормы на -1.0 градуса. Ни один погодный порог не превышен, хотя осадков заметно больше нормы. Погода объясняет просадку лишь отчасти: проверяйте агротехнику, состояние семян, болезни и вредителей."
AOI-0044,2020-07-03,2020-08-09,38,suppression,-1.58,-1.13,non_weather,0.35,polygon,"Осадков 16 мм при норме 26 мм (61 процентов), температура отличается от нормы на 0.3 градуса. Ни один погодный порог не превышен, хотя осадков заметно меньше нормы. Погода объясняет просадку лишь отчасти: проверяйте агротехнику, состояние семян, болезни и вредителей."
AOI-0044,2020-09-22,2020-10-02,11,suppression,-1.27,-0.87,drought,0.85,polygon,"Осадков за 30 дней выпало 3 мм при норме 34 мм, это 10 процентов от нормы. Наиболее вероятен дефицит влаги. При этом температура выше нормы на 2.8 градуса."
AOI-0044,2020-10-24,2020-10-29,6,suppression,-1.1,-1.07,heat,0.6,polygon,Средняя температура за период выше нормы на 3.9 градуса при достаточном увлажнении. Вероятен температурный стресс.
AOI-0044,2023-04-27,2023-05-21,25,suppression,-1.53,-1.14,non_weather,0.35,polygon,"Осадков 43 мм при норме 47 мм (93 процентов), температура отличается от нормы на -1.8 градуса. Ни один погодный порог не превышен, хотя температура отклонена от нормы на -1.8 градуса. Погода объясняет просадку лишь отчасти: проверяйте агротехнику, состояние семян, болезни и вредителей."
AOI-0044,2023-06-02,2023-06-27,26,suppression,-1.62,-1.1,excess_water,0.55,polygon,Осадков выпало в 2.4 раза больше нормы. Возможно переувлажнение и подтопление посевов.
AOI-0044,2024-07-23,2024-08-25,34,suppression,-1.61,-1.19,drought,0.7,polygon,"Осадков за 30 дней выпало 6 мм при норме 16 мм, это 37 процентов от нормы. Наиболее вероятен дефицит влаги."
AOI-0044,2024-09-13,2024-09-26,14,suppression,-1.08,-0.84,drought,0.85,polygon,"Осадков за 30 дней выпало 1 мм при норме 33 мм, это 2 процентов от нормы. Наиболее вероятен дефицит влаги. При этом температура выше нормы на 2.7 градуса."
AOI-0044,2025-04-15,2025-06-25,72,critical,-2.09,-1.41,non_weather,0.5,polygon,"Осадков 45 мм при норме 40 мм (113 процентов), температура отличается от нормы на -0.5 градуса — ни засухи, ни жары, ни холода, ни переувлажнения за эти 72 дней не было. Погода отклонение не объясняет: проверяйте агротехнику, состояние семян, болезни и вредителей."
AOI-0045,2025-04-15,2025-06-11,58,suppression,-1.36,-1.1,unknown,0.14,crop,"Отклонение от нормы устойчивое, но погодных данных на этот период нет, поэтому версию причины проверить не на чем. Нужен осмотр поля. Внимание: у этого поля нет собственной истории наблюдений, норма взята средняя по культуре. Оценка ориентировочная, глубина отклонения может быть завышена или занижена."
AOI-0046,2010-05-15,2010-05-22,8,suppression,-1.17,-1.1,excess_water,0.55,polygon,Осадков выпало в 2.4 раза больше нормы. Возможно переувлажнение и подтопление посевов.
AOI-0046,2010-06-11,2010-06-28,18,suppression,-1.55,-1.36,drought,0.7,polygon,"Осадков за 30 дней выпало 15 мм при норме 44 мм, это 34 процентов от нормы. Наиболее вероятен дефицит влаги."
AOI-0046,2011-04-19,2011-04-28,10,suppression,-1.07,-0.93,non_weather,0.35,polygon,"Осадков 30 мм при норме 38 мм (79 процентов), температура отличается от нормы на -2.4 градуса. Ни один погодный порог не превышен, хотя температура отклонена от нормы на -2.4 градуса. Погода объясняет просадку лишь отчасти: проверяйте агротехнику, состояние семян, болезни и вредителей."
AOI-0046,2011-06-01,2011-06-23,23,suppression,-1.15,-0.98,non_weather,0.5,polygon,"Осадков 50 мм при норме 44 мм (116 процентов), температура отличается от нормы на -0.7 градуса — ни засухи, ни жары, ни холода, ни переувлажнения за эти 23 дней не было. Погода отклонение не объясняет: проверяйте агротехнику, состояние семян, болезни и вредителей."
AOI-0046,2015-04-01,2015-04-06,6,suppression,-1.13,-1.1,cold,0.65,polygon,"Средняя температура за период всего 5.7 градуса, это на 3.0 ниже нормы. Похолодание пришлось на фазу активного роста (день года 91): набор биомассы приостановился. Такое угнетение обычно обратимо, но сдвигает развитие на одну-две недели."
AOI-0046,2015-05-03,2015-06-05,34,suppression,-1.55,-1.18,non_weather,0.5,polygon,"Осадков 59 мм при норме 60 мм (98 процентов), температура отличается от нормы на -0.5 градуса — ни засухи, ни жары, ни холода, ни переувлажнения за эти 34 дней не было. Погода отклонение не объясняет: проверяйте агротехнику, состояние семян, болезни и вредителей."
AOI-0046,2018-04-01,2018-04-15,15,suppression,-1.17,-1.1,drought,0.7,polygon,"Осадков за 30 дней выпало 3 мм при норме 22 мм, это 12 процентов от нормы. Наиболее вероятен дефицит влаги."
AOI-0046,2018-04-27,2018-07-06,71,suppression,-1.95,-1.46,drought,0.7,polygon,"Осадков за 30 дней выпало 13 мм при норме 40 мм, это 32 процентов от нормы. Наиболее вероятен дефицит влаги."
AOI-0046,2020-07-01,2020-09-05,67,critical,-2.13,-1.18,drought,0.7,polygon,"Осадков за 30 дней выпало 1 мм при норме 21 мм, это 7 процентов от нормы. Наиболее вероятен дефицит влаги."
AOI-0046,2020-10-07,2020-10-29,23,suppression,-1.25,-1.01,heat,0.6,polygon,Средняя температура за период выше нормы на 4.6 градуса при достаточном увлажнении. Вероятен температурный стресс.
AOI-0046,2021-04-01,2021-04-06,6,suppression,-1.18,-1.13,cold,0.4,polygon,"Средняя температура за период всего 7.4 градуса. Похолодание пришлось на фазу активного роста (день года 91): набор биомассы приостановился. Такое угнетение обычно обратимо, но сдвигает развитие на одну-две недели."
AOI-0046,2022-04-01,2022-04-07,7,suppression,-1.22,-1.17,non_weather,0.35,polygon,"Осадков 6 мм при норме 9 мм (69 процентов), температура отличается от нормы на 2.5 градуса. Ни один погодный порог не превышен, хотя осадков заметно меньше нормы, температура отклонена от нормы на 2.5 градуса. Погода объясняет просадку лишь отчасти: проверяйте агротехнику, состояние семян, болезни и вредителей."
AOI-0046,2022-05-07,2022-07-04,59,suppression,-1.65,-1.25,drought,0.7,polygon,"Осадков за 30 дней выпало 10 мм при норме 42 мм, это 23 процентов от нормы. Наиболее вероятен дефицит влаги."
AOI-0046,2024-07-10,2024-08-04,26,suppression,-1.37,-1.1,drought,0.7,polygon,"Осадков за 30 дней выпало 6 мм при норме 35 мм, это 16 процентов от нормы. Наиболее вероятен дефицит влаги."
AOI-0046,2025-04-19,2025-05-29,41,suppression,-1.83,-1.21,non_weather,0.5,polygon,"Осадков 39 мм при норме 53 мм (73 процентов), температура отличается от нормы на -0.1 градуса — ни засухи, ни жары, ни холода, ни переувлажнения за эти 41 дней не было. Погода отклонение не объясняет: проверяйте агротехнику, состояние семян, болезни и вредителей."
AOI-0047,2025-06-10,2025-07-05,26,suppression,-1.28,-1.1,unknown,0.14,crop,"Отклонение от нормы устойчивое, но погодных данных на этот период нет, поэтому версию причины проверить не на чем. Нужен осмотр поля. Внимание: у этого поля нет собственной истории наблюдений, норма взята средняя по культуре. Оценка ориентировочная, глубина отклонения может быть завышена или занижена."
AOI-0047,2025-09-03,2025-09-13,11,suppression,-1.49,-1.11,unknown,0.14,crop,"Отклонение от нормы устойчивое, но погодных данных на этот период нет, поэтому версию причины проверить не на чем. Нужен осмотр поля. Внимание: у этого поля нет собственной истории наблюдений, норма взята средняя по культуре. Оценка ориентировочная, глубина отклонения может быть завышена или занижена."
AOI-0048,2025-09-03,2025-09-10,8,suppression,-1.17,-1.1,unknown,0.14,crop,"Отклонение от нормы устойчивое, но погодных данных на этот период нет, поэтому версию причины проверить не на чем. Нужен осмотр поля. Внимание: у этого поля нет собственной истории наблюдений, норма взята средняя по культуре. Оценка ориентировочная, глубина отклонения может быть завышена или занижена."
AOI-0048,2025-10-08,2025-10-19,12,suppression,-1.08,-0.96,unknown,0.14,crop,"Отклонение от нормы устойчивое, но погодных данных на этот период нет, поэтому версию причины проверить не на чем. Нужен осмотр поля. Внимание: у этого поля нет собственной истории наблюдений, норма взята средняя по культуре. Оценка ориентировочная, глубина отклонения может быть завышена или занижена."
AOI-0049,2025-09-01,2025-09-08,8,suppression,-1.05,-0.91,unknown,0.14,crop,"Отклонение от нормы устойчивое, но погодных данных на этот период нет, поэтому версию причины проверить не на чем. Нужен осмотр поля. Внимание: у этого поля нет собственной истории наблюдений, норма взята средняя по культуре. Оценка ориентировочная, глубина отклонения может быть завышена или занижена."
AOI-0050,2025-06-01,2025-06-16,16,suppression,-1.52,-1.32,unknown,0.14,crop,"Отклонение от нормы устойчивое, но погодных данных на этот период нет, поэтому версию причины проверить не на чем. Нужен осмотр поля. Внимание: у этого поля нет собственной истории наблюдений, норма взята средняя по культуре. Оценка ориентировочная, глубина отклонения может быть завышена или занижена."
AOI-0051,2011-04-01,2011-05-01,31,suppression,-1.86,-1.44,unknown,0.2,polygon,"Отклонение от нормы устойчивое, но погодных данных на этот период нет, поэтому версию причины проверить не на чем. Нужен осмотр поля."
AOI-0051,2011-05-26,2011-06-01,7,suppression,-1.56,-1.33,unknown,0.2,polygon,"Отклонение от нормы устойчивое, но погодных данных на этот период нет, поэтому версию причины проверить не на чем. Нужен осмотр поля."
AOI-0051,2012-04-01,2012-04-07,7,suppression,-1.45,-1.28,unknown,0.2,polygon,"Отклонение от нормы устойчивое, но погодных данных на этот период нет, поэтому версию причины проверить не на чем. Нужен осмотр поля."
AOI-0051,2015-04-07,2015-04-29,23,suppression,-1.47,-1.14,unknown,0.2,polygon,"Отклонение от нормы устойчивое, но погодных данных на этот период нет, поэтому версию причины проверить не на чем. Нужен осмотр поля."
AOI-0051,2017-04-16,2017-06-06,52,suppression,-1.88,-1.23,unknown,0.2,polygon,"Отклонение от нормы устойчивое, но погодных данных на этот период нет, поэтому версию причины проверить не на чем. Нужен осмотр поля."
AOI-0051,2018-06-13,2018-07-10,28,suppression,-1.66,-1.3,unknown,0.2,polygon,"Отклонение от нормы устойчивое, но погодных данных на этот период нет, поэтому версию причины проверить не на чем. Нужен осмотр поля."
AOI-0051,2019-06-07,2019-07-20,44,critical,-2.09,-1.35,abrupt,0.6,polygon,"Резкое падение индекса на 2.1 стандартных отклонения за декаду. Похоже на одномоментное событие: уборку, потраву или механическое повреждение посева."
AOI-0051,2019-09-16,2019-09-29,14,critical,-2.79,-2.13,abrupt,0.6,polygon,"Резкое падение индекса на 2.7 стандартных отклонения за декаду. Похоже на одномоментное событие: уборку, потраву или механическое повреждение посева."
AOI-0051,2019-10-26,2019-10-31,6,critical,-2.75,-2.24,abrupt,0.6,polygon,"Резкое падение индекса на 2.5 стандартных отклонения за декаду. Похоже на одномоментное событие: уборку, потраву или механическое повреждение посева."
AOI-0051,2020-04-10,2020-04-30,21,suppression,-1.41,-0.98,unknown,0.2,polygon,"Отклонение от нормы устойчивое, но погодных данных на этот период нет, поэтому версию причины проверить не на чем. Нужен осмотр поля."
AOI-0051,2020-09-21,2020-10-07,17,suppression,-1.54,-1.14,unknown,0.2,polygon,"Отклонение от нормы устойчивое, но погодных данных на этот период нет, поэтому версию причины проверить не на чем. Нужен осмотр поля."
AOI-0051,2020-10-25,2020-10-31,7,suppression,-1.32,-1.27,unknown,0.2,polygon,"Отклонение от нормы устойчивое, но погодных данных на этот период нет, поэтому версию причины проверить не на чем. Нужен осмотр поля."
AOI-0051,2021-04-02,2021-04-07,6,suppression,-1.24,-1.11,unknown,0.2,polygon,"Отклонение от нормы устойчивое, но погодных данных на этот период нет, поэтому версию причины проверить не на чем. Нужен осмотр поля."
AOI-0051,2021-07-20,2021-08-03,15,suppression,-1.15,-0.98,unknown,0.2,polygon,"Отклонение от нормы устойчивое, но погодных данных на этот период нет, поэтому версию причины проверить не на чем. Нужен осмотр поля."
AOI-0051,2022-05-05,2022-06-02,29,critical,-2.57,-2.12,unknown,0.2,polygon,"Отклонение от нормы устойчивое, но погодных данных на этот период нет, поэтому версию причины проверить не на чем. Нужен осмотр поля."
AOI-0051,2023-08-07,2023-08-13,7,suppression,-1.29,-0.99,unknown,0.2,polygon,"Отклонение от нормы устойчивое, но погодных данных на этот период нет, поэтому версию причины проверить не на чем. Нужен осмотр поля."
AOI-0051,2024-05-04,2024-05-25,22,suppression,-1.17,-0.96,unknown,0.2,polygon,"Отклонение от нормы устойчивое, но погодных данных на этот период нет, поэтому версию причины проверить не на чем. Нужен осмотр поля."
AOI-0051,2025-07-05,2025-09-21,79,critical,-2.02,-1.56,unknown,0.2,polygon,"Отклонение от нормы устойчивое, но погодных данных на этот период нет, поэтому версию причины проверить не на чем. Нужен осмотр поля."
AOI-0052,2025-04-24,2025-05-22,29,suppression,-1.6,-1.28,unknown,0.14,crop,"Отклонение от нормы устойчивое, но погодных данных на этот период нет, поэтому версию причины проверить не на чем. Нужен осмотр поля. Внимание: у этого поля нет собственной истории наблюдений, норма взята средняя по культуре. Оценка ориентировочная, глубина отклонения может быть завышена или занижена."
AOI-0053,2025-07-13,2025-07-18,6,suppression,-1.06,-1.04,unknown,0.14,crop,"Отклонение от нормы устойчивое, но погодных данных на этот период нет, поэтому версию причины проверить не на чем. Нужен осмотр поля. Внимание: у этого поля нет собственной истории наблюдений, норма взята средняя по культуре. Оценка ориентировочная, глубина отклонения может быть завышена или занижена."
AOI-0053,2025-09-08,2025-09-13,6,suppression,-1.14,-1.09,unknown,0.14,crop,"Отклонение от нормы устойчивое, но погодных данных на этот период нет, поэтому версию причины проверить не на чем. Нужен осмотр поля. Внимание: у этого поля нет собственной истории наблюдений, норма взята средняя по культуре. Оценка ориентировочная, глубина отклонения может быть завышена или занижена."
AOI-0056,2025-06-10,2025-06-18,9,suppression,-1.3,-1.16,unknown,0.14,crop,"Отклонение от нормы устойчивое, но погодных данных на этот период нет, поэтому версию причины проверить не на чем. Нужен осмотр поля. Внимание: у этого поля нет собственной истории наблюдений, норма взята средняя по культуре. Оценка ориентировочная, глубина отклонения может быть завышена или занижена."
AOI-0058,2010-04-06,2010-05-08,33,critical,-2.15,-1.9,non_weather,0.5,polygon,"Осадков 37 мм при норме 52 мм (70 процентов), температура отличается от нормы на -0.8 градуса — ни засухи, ни жары, ни холода, ни переувлажнения за эти 33 дней не было. Погода отклонение не объясняет: проверяйте агротехнику, состояние семян, болезни и вредителей."
AOI-0058,2013-04-09,2013-05-30,52,suppression,-1.95,-1.58,non_weather,0.35,polygon,"Осадков 43 мм при норме 64 мм (67 процентов), температура отличается от нормы на 1.9 градуса. Ни один погодный порог не превышен, хотя осадков заметно меньше нормы, температура отклонена от нормы на 1.9 градуса. Погода объясняет просадку лишь отчасти: проверяйте агротехнику, состояние семян, болезни и вредителей."
AOI-0058,2014-06-27,2014-07-09,13,suppression,-1.75,-1.44,non_weather,0.35,polygon,"Осадков 69 мм при норме 48 мм (146 процентов), температура отличается от нормы на -2.0 градуса. Ни один погодный порог не превышен, хотя температура отклонена от нормы на -2.0 градуса. Погода объясняет просадку лишь отчасти: проверяйте агротехнику, состояние семян, болезни и вредителей."
AOI-0058,2015-04-03,2015-04-18,16,suppression,-1.44,-1.03,non_weather,0.35,polygon,"Осадков 53 мм при норме 28 мм (189 процентов), температура отличается от нормы на -1.6 градуса. Ни один погодный порог не превышен, хотя осадков заметно больше нормы, температура отклонена от нормы на -1.6 градуса. Погода объясняет просадку лишь отчасти: проверяйте агротехнику, состояние семян, болезни и вредителей."
AOI-0058,2017-07-14,2017-08-05,23,suppression,-1.21,-0.98,non_weather,0.5,polygon,"Осадков 23 мм при норме 31 мм (74 процентов), температура отличается от нормы на 1.1 градуса — ни засухи, ни жары, ни холода, ни переувлажнения за эти 23 дней не было. Погода отклонение не объясняет: проверяйте агротехнику, состояние семян, болезни и вредителей."
AOI-0058,2017-08-24,2017-08-30,7,suppression,-1.19,-1.12,drought,0.7,polygon,"Осадков за 30 дней выпало 8 мм при норме 19 мм, это 39 процентов от нормы. Наиболее вероятен дефицит влаги."
AOI-0058,2017-09-18,2017-10-24,37,suppression,-1.84,-1.16,non_weather,0.35,polygon,"Осадков 22 мм при норме 39 мм (56 процентов), температура отличается от нормы на 0.6 градуса. Ни один погодный порог не превышен, хотя осадков заметно меньше нормы. Погода объясняет просадку лишь отчасти: проверяйте агротехнику, состояние семян, болезни и вредителей."
AOI-0058,2019-06-17,2019-10-31,137,critical,-2.46,-1.38,harvest,0.7,polygon,"Индекс обвалился на 2.4 стандартных отклонения и после этого 137 дней держится на низком уровне. День года 168 попадает в характерное окно уборки для культуры «озимая пшеница» (159-234). Скорее всего, это уборка или скашивание, а не повреждение посева."
AOI-0058,2022-06-29,2022-08-09,42,suppression,-1.89,-1.37,excess_water,0.55,polygon,Осадков выпало в 2.4 раза больше нормы. Возможно переувлажнение и подтопление посевов.
AOI-0058,2022-09-12,2022-10-27,46,suppression,-1.41,-1.15,non_weather,0.5,polygon,"Осадков 44 мм при норме 38 мм (115 процентов), температура отличается от нормы на 0.1 градуса — ни засухи, ни жары, ни холода, ни переувлажнения за эти 46 дней не было. Погода отклонение не объясняет: проверяйте агротехнику, состояние семян, болезни и вредителей."
AOI-0058,2023-04-18,2023-05-10,23,suppression,-1.33,-1.03,excess_water,0.55,polygon,Осадков выпало в 2.6 раза больше нормы. Возможно переувлажнение и подтопление посевов.
AOI-0058,2024-06-08,2024-07-26,49,critical,-2.22,-1.24,non_weather,0.35,polygon,"Осадков 39 мм при норме 36 мм (107 процентов), температура отличается от нормы на 2.5 градуса. Ни один погодный порог не превышен, хотя температура отклонена от нормы на 2.5 градуса. Погода объясняет просадку лишь отчасти: проверяйте агротехнику, состояние семян, болезни и вредителей."
AOI-0058,2024-09-25,2024-10-08,14,suppression,-1.19,-0.97,drought,0.85,polygon,"Осадков за 30 дней выпало 5 мм при норме 35 мм, это 14 процентов от нормы. Наиболее вероятен дефицит влаги. При этом температура выше нормы на 4.2 градуса."
AOI-0058,2025-05-05,2025-06-16,43,critical,-2.85,-2.22,non_weather,0.35,polygon,"Осадков 42 мм при норме 62 мм (68 процентов), температура отличается от нормы на 0.2 градуса. Ни один погодный порог не превышен, хотя осадков заметно меньше нормы. Погода объясняет просадку лишь отчасти: проверяйте агротехнику, состояние семян, болезни и вредителей."
AOI-0058,2025-08-16,2025-10-28,74,suppression,-1.76,-1.31,non_weather,0.35,polygon,"Осадков 60 мм при норме 36 мм (165 процентов), температура отличается от нормы на -0.4 градуса. Ни один погодный порог не превышен, хотя осадков заметно больше нормы. Погода объясняет просадку лишь отчасти: проверяйте агротехнику, состояние семян, болезни и вредителей."
AOI-0059,2010-04-06,2010-05-04,29,suppression,-1.47,-1.21,unknown,0.2,polygon,"Отклонение от нормы устойчивое, но погодных данных на этот период нет, поэтому версию причины проверить не на чем. Нужен осмотр поля."
AOI-0059,2013-06-13,2013-07-05,23,suppression,-1.8,-1.42,unknown,0.2,polygon,"Отклонение от нормы устойчивое, но погодных данных на этот период нет, поэтому версию причины проверить не на чем. Нужен осмотр поля."
AOI-0059,2015-04-12,2015-05-01,20,suppression,-1.33,-1.19,unknown,0.2,polygon,"Отклонение от нормы устойчивое, но погодных данных на этот период нет, поэтому версию причины проверить не на чем. Нужен осмотр поля."
AOI-0059,2015-05-18,2015-05-23,6,suppression,-1.31,-1.21,unknown,0.2,polygon,"Отклонение от нормы устойчивое, но погодных данных на этот период нет, поэтому версию причины проверить не на чем. Нужен осмотр поля."
AOI-0059,2017-10-08,2017-10-18,11,suppression,-1.42,-1.01,unknown,0.2,polygon,"Отклонение от нормы устойчивое, но погодных данных на этот период нет, поэтому версию причины проверить не на чем. Нужен осмотр поля."
AOI-0059,2018-04-01,2018-05-20,50,critical,-2.0,-1.4,unknown,0.2,polygon,"Отклонение от нормы устойчивое, но погодных данных на этот период нет, поэтому версию причины проверить не на чем. Нужен осмотр поля."
AOI-0059,2019-06-17,2019-07-21,35,suppression,-1.71,-1.19,unknown,0.2,polygon,"Отклонение от нормы устойчивое, но погодных данных на этот период нет, поэтому версию причины проверить не на чем. Нужен осмотр поля."
AOI-0059,2020-04-01,2020-05-29,59,suppression,-1.98,-1.37,unknown,0.2,polygon,"Отклонение от нормы устойчивое, но погодных данных на этот период нет, поэтому версию причины проверить не на чем. Нужен осмотр поля."
AOI-0059,2020-10-23,2020-10-31,9,suppression,-1.28,-1.17,unknown,0.2,polygon,"Отклонение от нормы устойчивое, но погодных данных на этот период нет, поэтому версию причины проверить не на чем. Нужен осмотр поля."
AOI-0059,2022-04-02,2022-05-20,49,suppression,-1.88,-1.27,unknown,0.2,polygon,"Отклонение от нормы устойчивое, но погодных данных на этот период нет, поэтому версию причины проверить не на чем. Нужен осмотр поля."
AOI-0059,2023-06-29,2023-07-06,8,suppression,-1.89,-1.43,abrupt,0.6,polygon,"Резкое падение индекса на 2.9 стандартных отклонения за декаду. Похоже на одномоментное событие: уборку, потраву или механическое повреждение посева."
AOI-0059,2024-04-09,2024-06-03,56,critical,-2.14,-1.48,unknown,0.2,polygon,"Отклонение от нормы устойчивое, но погодных данных на этот период нет, поэтому версию причины проверить не на чем. Нужен осмотр поля."
AOI-0059,2024-09-21,2024-10-07,17,suppression,-1.06,-0.91,unknown,0.2,polygon,"Отклонение от нормы устойчивое, но погодных данных на этот период нет, поэтому версию причины проверить не на чем. Нужен осмотр поля."
AOI-0059,2025-06-02,2025-09-11,102,critical,-2.17,-1.26,unknown,0.2,polygon,"Отклонение от нормы устойчивое, но погодных данных на этот период нет, поэтому версию причины проверить не на чем. Нужен осмотр поля."
AOI-0060,2025-05-20,2025-05-30,11,suppression,-1.15,-1.05,unknown,0.14,crop,"Отклонение от нормы устойчивое, но погодных данных на этот период нет, поэтому версию причины проверить не на чем. Нужен осмотр поля. Внимание: у этого поля нет собственной истории наблюдений, норма взята средняя по культуре. Оценка ориентировочная, глубина отклонения может быть завышена или занижена."
AOI-0061,2012-04-08,2012-04-14,7,suppression,-1.37,-1.22,unknown,0.2,polygon,"Отклонение от нормы устойчивое, но погодных данных на этот период нет, поэтому версию причины проверить не на чем. Нужен осмотр поля."
AOI-0061,2014-06-27,2014-08-05,40,suppression,-1.28,-1.11,unknown,0.2,polygon,"Отклонение от нормы устойчивое, но погодных данных на этот период нет, поэтому версию причины проверить не на чем. Нужен осмотр поля."
AOI-0061,2015-04-09,2015-04-15,7,suppression,-1.15,-1.09,unknown,0.2,polygon,"Отклонение от нормы устойчивое, но погодных данных на этот период нет, поэтому версию причины проверить не на чем. Нужен осмотр поля."
AOI-0061,2015-05-04,2015-05-26,23,suppression,-1.76,-1.26,unknown,0.2,polygon,"Отклонение от нормы устойчивое, но погодных данных на этот период нет, поэтому версию причины проверить не на чем. Нужен осмотр поля."
AOI-0061,2017-04-02,2017-06-08,68,critical,-3.39,-1.58,unknown,0.2,polygon,"Отклонение от нормы устойчивое, но погодных данных на этот период нет, поэтому версию причины проверить не на чем. Нужен осмотр поля."
AOI-0061,2018-06-26,2018-07-17,22,suppression,-1.54,-1.19,unknown,0.2,polygon,"Отклонение от нормы устойчивое, но погодных данных на этот период нет, поэтому версию причины проверить не на чем. Нужен осмотр поля."
AOI-0061,2019-04-01,2019-05-24,54,suppression,-1.84,-1.46,unknown,0.2,polygon,"Отклонение от нормы устойчивое, но погодных данных на этот период нет, поэтому версию причины проверить не на чем. Нужен осмотр поля."
AOI-0061,2020-09-05,2020-10-12,38,suppression,-1.47,-1.01,unknown,0.2,polygon,"Отклонение от нормы устойчивое, но погодных данных на этот период нет, поэтому версию причины проверить не на чем. Нужен осмотр поля."
AOI-0061,2021-06-10,2021-08-03,55,critical,-2.96,-1.27,unknown,0.2,polygon,"Отклонение от нормы устойчивое, но погодных данных на этот период нет, поэтому версию причины проверить не на чем. Нужен осмотр поля."
AOI-0061,2022-04-02,2022-05-20,49,critical,-2.14,-1.54,unknown,0.2,polygon,"Отклонение от нормы устойчивое, но погодных данных на этот период нет, поэтому версию причины проверить не на чем. Нужен осмотр поля."
AOI-0061,2023-08-18,2023-08-25,8,suppression,-1.08,-1.01,unknown,0.2,polygon,"Отклонение от нормы устойчивое, но погодных данных на этот период нет, поэтому версию причины проверить не на чем. Нужен осмотр поля."
AOI-0061,2024-05-16,2024-06-30,46,suppression,-1.62,-1.06,unknown,0.2,polygon,"Отклонение от нормы устойчивое, но погодных данных на этот период нет, поэтому версию причины проверить не на чем. Нужен осмотр поля."
AOI-0061,2024-10-24,2024-10-31,8,suppression,-1.64,-1.42,unknown,0.2,polygon,"Отклонение от нормы устойчивое, но погодных данных на этот период нет, поэтому версию причины проверить не на чем. Нужен осмотр поля."
AOI-0061,2025-07-15,2025-08-17,34,suppression,-1.81,-1.34,unknown,0.2,polygon,"Отклонение от нормы устойчивое, но погодных данных на этот период нет, поэтому версию причины проверить не на чем. Нужен осмотр поля."
AOI-0062,2010-07-20,2010-08-11,23,suppression,-1.12,-1.01,unknown,0.2,polygon,"Отклонение от нормы устойчивое, но погодных данных на этот период нет, поэтому версию причины проверить не на чем. Нужен осмотр поля."
AOI-0062,2017-04-01,2017-05-02,32,suppression,-1.54,-1.24,unknown,0.2,polygon,"Отклонение от нормы устойчивое, но погодных данных на этот период нет, поэтому версию причины проверить не на чем. Нужен осмотр поля."
AOI-0062,2018-06-17,2018-07-07,21,suppression,-1.26,-1.13,unknown,0.2,polygon,"Отклонение от нормы устойчивое, но погодных данных на этот период нет, поэтому версию причины проверить не на чем. Нужен осмотр поля."
AOI-0062,2019-04-01,2019-06-06,67,suppression,-1.94,-1.3,unknown,0.2,polygon,"Отклонение от нормы устойчивое, но погодных данных на этот период нет, поэтому версию причины проверить не на чем. Нужен осмотр поля."
AOI-0062,2020-06-26,2020-08-10,46,suppression,-1.52,-1.25,unknown,0.2,polygon,"Отклонение от нормы устойчивое, но погодных данных на этот период нет, поэтому версию причины проверить не на чем. Нужен осмотр поля."
AOI-0062,2021-04-01,2021-06-17,78,critical,-2.88,-1.59,unknown,0.2,polygon,"Отклонение от нормы устойчивое, но погодных данных на этот период нет, поэтому версию причины проверить не на чем. Нужен осмотр поля."
AOI-0062,2022-06-29,2022-07-10,12,suppression,-1.16,-1.09,unknown,0.2,polygon,"Отклонение от нормы устойчивое, но погодных данных на этот период нет, поэтому версию причины проверить не на чем. Нужен осмотр поля."
AOI-0062,2022-10-12,2022-10-27,16,suppression,-1.2,-0.88,unknown,0.2,polygon,"Отклонение от нормы устойчивое, но погодных данных на этот период нет, поэтому версию причины проверить не на чем. Нужен осмотр поля."
AOI-0062,2023-04-01,2023-05-17,47,suppression,-1.43,-1.08,unknown,0.2,polygon,"Отклонение от нормы устойчивое, но погодных данных на этот период нет, поэтому версию причины проверить не на чем. Нужен осмотр поля."
AOI-0062,2023-08-13,2023-08-23,11,suppression,-1.23,-1.1,unknown,0.2,polygon,"Отклонение от нормы устойчивое, но погодных данных на этот период нет, поэтому версию причины проверить не на чем. Нужен осмотр поля."
AOI-0062,2024-06-09,2024-08-24,77,suppression,-1.69,-1.26,unknown,0.2,polygon,"Отклонение от нормы устойчивое, но погодных данных на этот период нет, поэтому версию причины проверить не на чем. Нужен осмотр поля."
AOI-0062,2024-09-06,2024-10-02,27,suppression,-1.45,-1.1,unknown,0.2,polygon,"Отклонение от нормы устойчивое, но погодных данных на этот период нет, поэтому версию причины проверить не на чем. Нужен осмотр поля."
AOI-0062,2025-04-09,2025-04-16,8,suppression,-1.28,-1.17,unknown,0.2,polygon,"Отклонение от нормы устойчивое, но погодных данных на этот период нет, поэтому версию причины проверить не на чем. Нужен осмотр поля."
AOI-0062,2025-05-05,2025-05-24,20,suppression,-1.74,-1.25,unknown,0.2,polygon,"Отклонение от нормы устойчивое, но погодных данных на этот период нет, поэтому версию причины проверить не на чем. Нужен осмотр поля."
AOI-0063,2025-04-15,2025-05-29,45,suppression,-1.7,-1.31,unknown,0.14,crop,"Отклонение от нормы устойчивое, но погодных данных на этот период нет, поэтому версию причины проверить не на чем. Нужен осмотр поля. Внимание: у этого поля нет собственной истории наблюдений, норма взята средняя по культуре. Оценка ориентировочная, глубина отклонения может быть завышена или занижена."
AOI-0064,2025-08-04,2025-08-08,5,suppression,-1.39,-1.1,unknown,0.14,crop,"Отклонение от нормы устойчивое, но погодных данных на этот период нет, поэтому версию причины проверить не на чем. Нужен осмотр поля. Внимание: у этого поля нет собственной истории наблюдений, норма взята средняя по культуре. Оценка ориентировочная, глубина отклонения может быть завышена или занижена."
AOI-0066,2025-04-15,2025-06-02,49,suppression,-1.8,-1.27,unknown,0.14,crop,"Отклонение от нормы устойчивое, но погодных данных на этот период нет, поэтому версию причины проверить не на чем. Нужен осмотр поля. Внимание: у этого поля нет собственной истории наблюдений, норма взята средняя по культуре. Оценка ориентировочная, глубина отклонения может быть завышена или занижена."
AOI-0067,2010-06-16,2010-07-17,32,suppression,-1.46,-1.23,non_weather,0.5,polygon,"Осадков 29 мм при норме 31 мм (94 процентов), температура отличается от нормы на 1.1 градуса — ни засухи, ни жары, ни холода, ни переувлажнения за эти 32 дней не было. Погода отклонение не объясняет: проверяйте агротехнику, состояние семян, болезни и вредителей."
AOI-0067,2010-07-29,2010-09-10,44,suppression,-1.5,-1.21,non_weather,0.35,polygon,"Осадков 16 мм при норме 20 мм (77 процентов), температура отличается от нормы на 1.8 градуса. Ни один погодный порог не превышен, хотя температура отклонена от нормы на 1.8 градуса. Погода объясняет просадку лишь отчасти: проверяйте агротехнику, состояние семян, болезни и вредителей."
AOI-0067,2012-06-20,2012-10-25,128,suppression,-1.86,-1.48,drought,0.7,polygon,"Осадков за 30 дней выпало 17 мм при норме 36 мм, это 46 процентов от нормы. Наиболее вероятен дефицит влаги."
AOI-0067,2014-06-18,2014-07-02,15,suppression,-1.26,-1.07,cold,0.55,polygon,"Средняя температура за период на 3.4 градуса ниже нормы. Похолодание пришлось на фазу активного роста (день года 169): набор биомассы приостановился. Такое угнетение обычно обратимо, но сдвигает развитие на одну-две недели."
AOI-0067,2014-07-24,2014-10-05,74,suppression,-1.45,-1.13,non_weather,0.5,polygon,"Осадков 29 мм при норме 36 мм (81 процентов), температура отличается от нормы на -0.0 градуса — ни засухи, ни жары, ни холода, ни переувлажнения за эти 74 дней не было. Погода отклонение не объясняет: проверяйте агротехнику, состояние семян, болезни и вредителей."
AOI-0067,2016-06-15,2016-07-15,31,suppression,-1.45,-1.18,non_weather,0.5,polygon,"Осадков 42 мм при норме 30 мм (141 процентов), температура отличается от нормы на 0.7 градуса — ни засухи, ни жары, ни холода, ни переувлажнения за эти 31 дней не было. Погода отклонение не объясняет: проверяйте агротехнику, состояние семян, болезни и вредителей."
AOI-0067,2016-09-03,2016-09-15,13,suppression,-1.21,-0.97,drought,0.7,polygon,"Осадков за 30 дней выпало 9 мм при норме 25 мм, это 36 процентов от нормы. Наиболее вероятен дефицит влаги."
AOI-0067,2018-06-02,2018-09-22,113,suppression,-1.77,-1.28,non_weather,0.35,polygon,"Осадков 19 мм при норме 30 мм (65 процентов), температура отличается от нормы на 0.5 градуса. Ни один погодный порог не превышен, хотя осадков заметно меньше нормы. Погода объясняет просадку лишь отчасти: проверяйте агротехнику, состояние семян, болезни и вредителей."
AOI-0067,2019-07-04,2019-07-18,15,suppression,-1.27,-1.14,cold,0.35,polygon,"Температура за период на 3.3 градуса ниже нормы, но это конец сезона (день года 185). Для созревающего посева холод означает ускоренное естественное отмирание, а не угнетение. Отдельного вмешательства обычно не требует."
AOI-0067,2021-04-01,2021-04-19,19,critical,-2.26,-1.21,excess_water,0.55,polygon,Осадков выпало в 2.6 раза больше нормы. Возможно переувлажнение и подтопление посевов.
AOI-0067,2021-07-15,2021-08-07,24,suppression,-1.36,-1.19,drought,0.85,polygon,"Осадков за 30 дней выпало 6 мм при норме 28 мм, это 21 процентов от нормы. Наиболее вероятен дефицит влаги. При этом температура выше нормы на 2.7 градуса."
AOI-0067,2024-07-30,2024-10-18,81,suppression,-1.62,-1.22,drought,0.7,polygon,"Осадков за 30 дней выпало 10 мм при норме 37 мм, это 28 процентов от нормы. Наиболее вероятен дефицит влаги."
AOI-0067,2025-04-27,2025-05-01,5,suppression,-1.09,-1.02,cold,0.55,polygon,"Средняя температура за период на 4.6 градуса ниже нормы. Похолодание пришлось на фазу активного роста (день года 117): набор биомассы приостановился. Такое угнетение обычно обратимо, но сдвигает развитие на одну-две недели."
AOI-0067,2025-05-31,2025-06-20,21,suppression,-1.8,-1.33,non_weather,0.5,polygon,"Осадков 32 мм при норме 34 мм (95 процентов), температура отличается от нормы на -0.4 градуса — ни засухи, ни жары, ни холода, ни переувлажнения за эти 21 дней не было. Погода отклонение не объясняет: проверяйте агротехнику, состояние семян, болезни и вредителей."
AOI-0068,2010-04-18,2010-07-02,76,suppression,-1.73,-1.24,drought,0.7,polygon,"Осадков за 30 дней выпало 6 мм при норме 29 мм, это 20 процентов от нормы. Наиболее вероятен дефицит влаги."
AOI-0068,2010-07-26,2010-09-07,44,suppression,-1.19,-0.99,drought,0.85,polygon,"Осадков за 30 дней выпало 2 мм при норме 20 мм, это 10 процентов от нормы. Наиболее вероятен дефицит влаги. При этом температура выше нормы на 2.8 градуса."
AOI-0068,2012-04-09,2012-06-12,65,suppression,-1.69,-1.25,heat,0.6,polygon,Средняя температура за период выше нормы на 3.1 градуса при достаточном увлажнении. Вероятен температурный стресс.
AOI-0068,2012-08-07,2012-08-14,8,suppression,-1.08,-1.05,drought,0.7,polygon,"Осадков за 30 дней выпало 2 мм при норме 28 мм, это 8 процентов от нормы. Наиболее вероятен дефицит влаги."
AOI-0068,2012-10-10,2012-10-20,11,suppression,-1.66,-1.49,non_weather,0.35,polygon,"Осадков 21 мм при норме 36 мм (58 процентов), температура отличается от нормы на 2.4 градуса. Ни один погодный порог не превышен, хотя осадков заметно меньше нормы, температура отклонена от нормы на 2.4 градуса. Погода объясняет просадку лишь отчасти: проверяйте агротехнику, состояние семян, болезни и вредителей."
AOI-0068,2014-08-02,2014-08-09,8,suppression,-1.1,-1.03,drought,0.7,polygon,"Осадков за 30 дней выпало 1 мм при норме 31 мм, это 3 процентов от нормы. Наиболее вероятен дефицит влаги."
AOI-0068,2014-09-21,2014-10-31,41,suppression,-1.66,-1.32,cold,0.35,polygon,"Температура за период на 2.8 градуса ниже нормы, но это конец сезона (день года 264). Для созревающего посева холод означает ускоренное естественное отмирание, а не угнетение. Отдельного вмешательства обычно не требует."
AOI-0068,2016-05-10,2016-05-15,6,suppression,-1.2,-1.14,non_weather,0.5,polygon,"Осадков 38 мм при норме 38 мм (101 процентов), температура отличается от нормы на -0.9 градуса — ни засухи, ни жары, ни холода, ни переувлажнения за эти 6 дней не было. Погода отклонение не объясняет: проверяйте агротехнику, состояние семян, болезни и вредителей."
AOI-0068,2018-04-30,2018-07-14,76,suppression,-1.61,-1.25,drought,0.7,polygon,"Осадков за 30 дней выпало 8 мм при норме 32 мм, это 26 процентов от нормы. Наиболее вероятен дефицит влаги."
AOI-0068,2018-08-20,2018-09-15,27,suppression,-1.19,-1.01,drought,0.7,polygon,"Осадков за 30 дней выпало 4 мм при норме 25 мм, это 16 процентов от нормы. Наиболее вероятен дефицит влаги."
AOI-0068,2018-10-07,2018-10-21,15,suppression,-1.09,-1.0,drought,0.7,polygon,"Осадков за 30 дней выпало 14 мм при норме 36 мм, это 39 процентов от нормы. Наиболее вероятен дефицит влаги."
AOI-0068,2019-07-04,2019-07-21,18,suppression,-1.63,-0.99,cold,0.35,polygon,"Температура за период на 3.6 градуса ниже нормы, но это конец сезона (день года 185). Для созревающего посева холод означает ускоренное естественное отмирание, а не угнетение. Отдельного вмешательства обычно не требует."
AOI-0068,2020-07-01,2020-08-20,51,critical,-3.77,-1.46,drought,0.7,polygon,"Осадков за 30 дней выпало 7 мм при норме 26 мм, это 27 процентов от нормы. Наиболее вероятен дефицит влаги."
AOI-0068,2020-09-10,2020-10-29,50,critical,-2.27,-1.53,drought,0.85,polygon,"Осадков за 30 дней выпало 17 мм при норме 39 мм, это 43 процентов от нормы. Наиболее вероятен дефицит влаги. При этом температура выше нормы на 2.8 градуса."
AOI-0068,2021-04-01,2021-04-06,6,suppression,-1.48,-1.41,cold,0.4,polygon,"Средняя температура за период всего 7.0 градуса. Похолодание пришлось на фазу активного роста (день года 91): набор биомассы приостановился. Такое угнетение обычно обратимо, но сдвигает развитие на одну-две недели."
AOI-0068,2024-05-01,2024-07-07,68,critical,-2.15,-1.52,drought,0.7,polygon,"Осадков за 30 дней выпало 13 мм при норме 28 мм, это 46 процентов от нормы. Наиболее вероятен дефицит влаги."
AOI-0068,2024-07-30,2024-08-04,6,suppression,-1.14,-1.08,drought,0.7,polygon,"Осадков за 30 дней выпало 11 мм при норме 34 мм, это 34 процентов от нормы. Наиболее вероятен дефицит влаги."
AOI-0068,2024-08-25,2024-08-31,7,suppression,-1.18,-1.1,drought,0.85,polygon,"Осадков за 30 дней выпало 1 мм при норме 16 мм, это 5 процентов от нормы. Наиболее вероятен дефицит влаги. При этом температура выше нормы на 2.8 градуса."
AOI-0068,2024-09-23,2024-10-29,37,suppression,-1.38,-1.14,drought,0.7,polygon,"Осадков за 30 дней выпало 16 мм при норме 39 мм, это 41 процентов от нормы. Наиболее вероятен дефицит влаги."
AOI-0068,2025-10-10,2025-10-21,12,suppression,-1.31,-1.03,non_weather,0.5,polygon,"Осадков 37 мм при норме 35 мм (107 процентов), температура отличается от нормы на -0.2 градуса — ни засухи, ни жары, ни холода, ни переувлажнения за эти 12 дней не было. Погода отклонение не объясняет: проверяйте агротехнику, состояние семян, болезни и вредителей."
AOI-0069,2025-04-15,2025-05-07,23,suppression,-1.27,-1.16,unknown,0.14,crop,"Отклонение от нормы устойчивое, но погодных данных на этот период нет, поэтому версию причины проверить не на чем. Нужен осмотр поля. Внимание: у этого поля нет собственной истории наблюдений, норма взята средняя по культуре. Оценка ориентировочная, глубина отклонения может быть завышена или занижена."
AOI-0069,2025-09-02,2025-09-09,8,suppression,-1.62,-1.33,unknown,0.14,crop,"Отклонение от нормы устойчивое, но погодных данных на этот период нет, поэтому версию причины проверить не на чем. Нужен осмотр поля. Внимание: у этого поля нет собственной истории наблюдений, норма взята средняя по культуре. Оценка ориентировочная, глубина отклонения может быть завышена или занижена."
AOI-0070,2025-05-29,2025-06-10,13,suppression,-1.35,-1.19,unknown,0.14,crop,"Отклонение от нормы устойчивое, но погодных данных на этот период нет, поэтому версию причины проверить не на чем. Нужен осмотр поля. Внимание: у этого поля нет собственной истории наблюдений, норма взята средняя по культуре. Оценка ориентировочная, глубина отклонения может быть завышена или занижена."
AOI-0071,2025-05-14,2025-06-13,31,suppression,-1.66,-1.33,unknown,0.14,crop,"Отклонение от нормы устойчивое, но погодных данных на этот период нет, поэтому версию причины проверить не на чем. Нужен осмотр поля. Внимание: у этого поля нет собственной истории наблюдений, норма взята средняя по культуре. Оценка ориентировочная, глубина отклонения может быть завышена или занижена."
AOI-0073,2011-04-01,2011-04-06,6,suppression,-1.83,-1.51,drought,0.7,polygon,"Осадков за 30 дней выпало 1 мм при норме 12 мм, это 5 процентов от нормы. Наиболее вероятен дефицит влаги."
AOI-0073,2012-06-27,2012-07-16,20,suppression,-1.25,-1.04,non_weather,0.5,polygon,"Осадков 50 мм при норме 53 мм (94 процентов), температура отличается от нормы на -0.0 градуса — ни засухи, ни жары, ни холода, ни переувлажнения за эти 20 дней не было. Погода отклонение не объясняет: проверяйте агротехнику, состояние семян, болезни и вредителей."
AOI-0073,2018-06-17,2018-06-23,7,suppression,-1.22,-1.12,drought,0.7,polygon,"Осадков за 30 дней выпало 11 мм при норме 47 мм, это 24 процентов от нормы. Наиболее вероятен дефицит влаги."
AOI-0073,2019-04-24,2019-05-17,24,suppression,-1.45,-1.08,non_weather,0.35,polygon,"Осадков 92 мм при норме 48 мм (192 процентов), температура отличается от нормы на 0.4 градуса. Ни один погодный порог не превышен, хотя осадков заметно больше нормы. Погода объясняет просадку лишь отчасти: проверяйте агротехнику, состояние семян, болезни и вредителей."
AOI-0073,2020-07-02,2020-10-24,115,critical,-2.15,-1.51,drought,0.7,polygon,"Осадков за 30 дней выпало 8 мм при норме 47 мм, это 18 процентов от нормы. Наиболее вероятен дефицит влаги."
AOI-0073,2021-04-17,2021-04-21,5,suppression,-1.07,-1.02,non_weather,0.5,polygon,"Осадков 41 мм при норме 40 мм (102 процентов), температура отличается от нормы на -0.5 градуса — ни засухи, ни жары, ни холода, ни переувлажнения за эти 5 дней не было. Погода отклонение не объясняет: проверяйте агротехнику, состояние семян, болезни и вредителей."
AOI-0073,2021-05-21,2021-06-13,24,critical,-2.19,-1.13,excess_water,0.55,polygon,Осадков выпало в 2.1 раза больше нормы. Возможно переувлажнение и подтопление посевов.
AOI-0073,2022-05-10,2022-06-14,36,suppression,-1.78,-1.28,non_weather,0.35,polygon,"Осадков 37 мм при норме 49 мм (75 процентов), температура отличается от нормы на -1.7 градуса. Ни один погодный порог не превышен, хотя температура отклонена от нормы на -1.7 градуса. Погода объясняет просадку лишь отчасти: проверяйте агротехнику, состояние семян, болезни и вредителей."
AOI-0073,2023-06-18,2023-08-19,63,critical,-2.6,-1.43,harvest,0.7,polygon,"Индекс обвалился на 2.0 стандартных отклонения и после этого 63 дней держится на низком уровне. День года 169 попадает в характерное окно уборки для культуры «озимая пшеница» (159-234). Скорее всего, это уборка или скашивание, а не повреждение посева."
AOI-0073,2024-06-20,2024-10-11,114,critical,-2.1,-1.42,drought,0.7,polygon,"Осадков за 30 дней выпало 2 мм при норме 46 мм, это 5 процентов от нормы. Наиболее вероятен дефицит влаги."
AOI-0073,2025-05-12,2025-06-02,22,suppression,-1.52,-1.24,non_weather,0.35,polygon,"Осадков 39 мм при норме 57 мм (67 процентов), температура отличается от нормы на 0.2 градуса. Ни один погодный порог не превышен, хотя осадков заметно меньше нормы. Погода объясняет просадку лишь отчасти: проверяйте агротехнику, состояние семян, болезни и вредителей."
AOI-0074,2010-06-30,2010-07-22,23,suppression,-1.49,-1.32,heat,0.6,polygon,Средняя температура за период выше нормы на 2.8 градуса при достаточном увлажнении. Вероятен температурный стресс.
AOI-0074,2012-06-29,2012-07-04,6,suppression,-1.19,-1.12,non_weather,0.35,polygon,"Осадков 50 мм при норме 45 мм (111 процентов), температура отличается от нормы на -2.3 градуса. Ни один погодный порог не превышен, хотя температура отклонена от нормы на -2.3 градуса. Погода объясняет просадку лишь отчасти: проверяйте агротехнику, состояние семян, болезни и вредителей."
AOI-0074,2013-07-12,2013-07-24,13,suppression,-1.39,-1.22,non_weather,0.35,polygon,"Осадков 29 мм при норме 57 мм (51 процентов), температура отличается от нормы на -1.5 градуса. Ни один погодный порог не превышен, хотя осадков заметно меньше нормы, температура отклонена от нормы на -1.5 градуса. Погода объясняет просадку лишь отчасти: проверяйте агротехнику, состояние семян, болезни и вредителей."
AOI-0074,2018-06-15,2018-06-24,10,suppression,-1.5,-1.3,drought,0.7,polygon,"Осадков за 30 дней выпало 14 мм при норме 49 мм, это 30 процентов от нормы. Наиболее вероятен дефицит влаги."
AOI-0074,2019-04-21,2019-04-29,9,suppression,-1.0,-0.88,non_weather,0.5,polygon,"Осадков 61 мм при норме 47 мм (131 процентов), температура отличается от нормы на 1.1 градуса — ни засухи, ни жары, ни холода, ни переувлажнения за эти 9 дней не было. Погода отклонение не объясняет: проверяйте агротехнику, состояние семян, болезни и вредителей."
AOI-0074,2020-06-30,2020-10-23,116,suppression,-1.9,-1.27,drought,0.7,polygon,"Осадков за 30 дней выпало 4 мм при норме 46 мм, это 8 процентов от нормы. Наиболее вероятен дефицит влаги."
AOI-0074,2021-04-16,2021-06-14,60,critical,-2.12,-1.19,excess_water,0.55,polygon,Осадков выпало в 2.2 раза больше нормы. Возможно переувлажнение и подтопление посевов.
AOI-0074,2022-05-13,2022-06-12,31,critical,-2.08,-1.22,non_weather,0.5,polygon,"Осадков 41 мм при норме 49 мм (83 процентов), температура отличается от нормы на -1.3 градуса — ни засухи, ни жары, ни холода, ни переувлажнения за эти 31 дней не было. Погода отклонение не объясняет: проверяйте агротехнику, состояние семян, болезни и вредителей."
AOI-0074,2023-06-21,2023-07-20,30,suppression,-1.87,-1.38,harvest,0.7,polygon,"Индекс обвалился на 2.4 стандартных отклонения и после этого 30 дней держится на низком уровне. День года 172 попадает в характерное окно уборки для культуры «озимая пшеница» (159-234). Скорее всего, это уборка или скашивание, а не повреждение посева."
AOI-0074,2023-08-01,2023-08-18,18,suppression,-1.3,-1.12,non_weather,0.5,polygon,"Осадков 39 мм при норме 38 мм (102 процентов), температура отличается от нормы на 1.3 градуса — ни засухи, ни жары, ни холода, ни переувлажнения за эти 18 дней не было. Погода отклонение не объясняет: проверяйте агротехнику, состояние семян, болезни и вредителей."
AOI-0074,2023-09-06,2023-09-16,11,suppression,-1.03,-0.93,drought,0.7,polygon,"Осадков за 30 дней выпало 7 мм при норме 31 мм, это 21 процентов от нормы. Наиболее вероятен дефицит влаги."
AOI-0074,2024-06-20,2024-10-10,113,suppression,-1.79,-1.26,drought,0.7,polygon,"Осадков за 30 дней выпало 3 мм при норме 43 мм, это 7 процентов от нормы. Наиболее вероятен дефицит влаги."
AOI-0074,2025-05-01,2025-06-03,34,suppression,-1.29,-1.01,non_weather,0.35,polygon,"Осадков 37 мм при норме 58 мм (64 процентов), температура отличается от нормы на 0.4 градуса. Ни один погодный порог не превышен, хотя осадков заметно меньше нормы. Погода объясняет просадку лишь отчасти: проверяйте агротехнику, состояние семян, болезни и вредителей."
AOI-0075,2025-04-22,2025-06-08,48,suppression,-1.83,-1.34,unknown,0.14,crop,"Отклонение от нормы устойчивое, но погодных данных на этот период нет, поэтому версию причины проверить не на чем. Нужен осмотр поля. Внимание: у этого поля нет собственной истории наблюдений, норма взята средняя по культуре. Оценка ориентировочная, глубина отклонения может быть завышена или занижена."
AOI-0076,2025-04-02,2025-05-28,57,suppression,-1.83,-1.25,unknown,0.14,crop,"Отклонение от нормы устойчивое, но погодных данных на этот период нет, поэтому версию причины проверить не на чем. Нужен осмотр поля. Внимание: у этого поля нет собственной истории наблюдений, норма взята средняя по культуре. Оценка ориентировочная, глубина отклонения может быть завышена или занижена."
AOI-0077,2025-06-07,2025-06-18,12,suppression,-1.86,-1.38,unknown,0.14,crop,"Отклонение от нормы устойчивое, но погодных данных на этот период нет, поэтому версию причины проверить не на чем. Нужен осмотр поля. Внимание: у этого поля нет собственной истории наблюдений, норма взята средняя по культуре. Оценка ориентировочная, глубина отклонения может быть завышена или занижена."
AOI-0078,2025-07-04,2025-07-18,15,suppression,-1.02,-0.94,unknown,0.14,crop,"Отклонение от нормы устойчивое, но погодных данных на этот период нет, поэтому версию причины проверить не на чем. Нужен осмотр поля. Внимание: у этого поля нет собственной истории наблюдений, норма взята средняя по культуре. Оценка ориентировочная, глубина отклонения может быть завышена или занижена."
AOI-0078,2025-08-19,2025-08-28,10,suppression,-1.13,-1.08,unknown,0.14,crop,"Отклонение от нормы устойчивое, но погодных данных на этот период нет, поэтому версию причины проверить не на чем. Нужен осмотр поля. Внимание: у этого поля нет собственной истории наблюдений, норма взята средняя по культуре. Оценка ориентировочная, глубина отклонения может быть завышена или занижена."
